0.000000000000000000e+00,2.024390243902439435e-02
-1.000000000000000000e+03,-1.000000000000000000e+03
-2.127590368232171514e+01,0.000000000000000000e+00
-2.068590368229610377e+01,5.123791239326376257e+01
-2.048590368229610092e+01,7.030513908400891410e+01
-2.008590368229610235e+01,8.735185990256982791e+01
-1.933590368229610235e+01,1.002217060228331320e+02
-1.783590368229610235e+01,1.331898284280328255e+02
-1.693590368229610377e+01,1.472441925853394764e+02
-1.533590368229610412e+01,1.626069167965295890e+02
-1.443590368229610554e+01,1.732019677122357280e+02
-1.238590368229610128e+01,1.903974507395429043e+02
-9.885903682296101280e+00,2.045638501481840024e+02
-7.385903682296100392e+00,2.140237622020676724e+02
-4.885903682296100392e+00,2.208567504938982609e+02
-2.385903682296100836e+00,2.243460891506190364e+02
1.140963177038992749e-01,2.252495392254497517e+02
2.614096317703899164e+00,2.241443004863475892e+02
4.664096317703896766e+00,2.192956770545382312e+02
7.164096317703903871e+00,2.125439238041381316e+02
9.664096317703902983e+00,2.020395336204437626e+02
1.216409631770390298e+01,1.879828922148388699e+02
1.466409631770390298e+01,1.684169378754133390e+02
1.716409631770390476e+01,1.416425592289217832e+02
1.806409631770389623e+01,1.274527599968838700e+02
1.966409631770390476e+01,9.588233145129518675e+01
2.056409631770389623e+01,6.302690123941857792e+01
2.216409631770390476e+01,5.022723840901956294e+01
-1.000000000000000000e+03,-1.000000000000000000e+03
-2.784077208989539542e+01,0.000000000000000000e+00
-2.725077208986978405e+01,5.651350685673406815e+01
-2.705077208986978121e+01,7.932231511097486987e+01
-2.665077208986978263e+01,1.009212648100362060e+02
-2.590077208986978263e+01,1.167321929067119726e+02
-2.440077208986978263e+01,1.562798400553013778e+02
-2.350077208986978405e+01,1.721260215308028876e+02
-2.190077208986978263e+01,1.921328848087595702e+02
-2.100077208986978405e+01,2.049378290202288895e+02
-1.895077208986977979e+01,2.257474676493587253e+02
-1.645077208986977979e+01,2.453490245469106412e+02
-1.395077208986977979e+01,2.594554766199743767e+02
-1.145077208986977979e+01,2.706725733165507108e+02
-8.950772089869779791e+00,2.792725588078657779e+02
-6.450772089869779791e+00,2.858322570617602878e+02
-3.950772089869780235e+00,2.895936198166924669e+02
-1.900772089869783077e+00,2.905056986755114963e+02
-1.000772089869784498e+00,2.914177775343305257e+02
5.992279101302241395e-01,2.914664132457935466e+02
1.499227910130215502e+00,2.915150489572565107e+02
3.099227910130224029e+00,2.894364145814912490e+02
5.599227910130224473e+00,2.853687884473944223e+02
8.099227910130224473e+00,2.789112904506170594e+02
1.059922791013022447e+01,2.696663168142035261e+02
1.309922791013022447e+01,2.586539294780926639e+02
1.559922791013022447e+01,2.440416871874382707e+02
1.809922791013022447e+01,2.255033295141533927e+02
2.059922791013022447e+01,2.013464004772777116e+02
2.309922791013022447e+01,1.685920545085186575e+02
2.399922791013021595e+01,1.522512444179576789e+02
2.559922791013022447e+01,1.156128042836947714e+02
2.649922791013021595e+01,8.062946640693262168e+01
2.809922791013022447e+01,5.516133681911816211e+01
-1.000000000000000000e+03,-1.000000000000000000e+03
-2.671914649321002955e+01,0.000000000000000000e+00
-2.612914649318441818e+01,5.695936566149934777e+01
-2.592914649318441533e+01,8.384818220939105515e+01
-2.552914649318441676e+01,1.037734869146334376e+02
-2.477914649318441676e+01,1.174694280424957640e+02
-2.327914649318441676e+01,1.539470161722630053e+02
-2.237914649318441818e+01,1.698494514966713780e+02
-2.077914649318441676e+01,1.894519991685744458e+02
-1.987914649318441818e+01,2.007756024264704422e+02
-1.782914649318441391e+01,2.217589034123045053e+02
-1.532914649318441391e+01,2.396036172478879678e+02
-1.282914649318441391e+01,2.540709687709993148e+02
-1.032914649318441391e+01,2.646779916825212808e+02
-7.829146493184413025e+00,2.728000916688668553e+02
-5.329146493184413025e+00,2.781738817727083415e+02
-2.829146493184413025e+00,2.815565688406117602e+02
-7.791464931844160891e-01,2.821100537136831008e+02
1.208535068155824899e-01,2.826635385867544414e+02
1.720853506815591016e+00,2.816686604384922816e+02
4.220853506815591238e+00,2.785180974721731104e+02
6.720853506815591238e+00,2.735263054902602562e+02
9.220853506815590350e+00,2.656491681615351013e+02
1.172085350681559035e+01,2.554301381754578699e+02
1.422085350681559035e+01,2.422783417050596313e+02
1.672085350681559035e+01,2.247101218248514272e+02
1.922085350681559035e+01,2.029628578613965715e+02
2.172085350681559035e+01,1.733353918221593517e+02
2.262085350681558182e+01,1.595372992536453580e+02
2.422085350681559035e+01,1.290506025811098141e+02
2.512085350681558182e+01,1.050523510628711819e+02
2.672085350681559035e+01,4.574554624360536792e+01
-1.000000000000000000e+03,-1.000000000000000000e+03
-2.547372049460602383e+01,0.000000000000000000e+00
-2.488372049458041246e+01,5.520366778544563147e+01
-2.468372049458040962e+01,7.796662860232979142e+01
-2.428372049458041104e+01,9.802866030354211091e+01
-2.353372049458041104e+01,1.117640233304447435e+02
-2.203372049458041104e+01,1.487250970786992070e+02
-2.113372049458041246e+01,1.640084032956071098e+02
-1.953372049458041104e+01,1.829377338109725031e+02
-1.863372049458041246e+01,1.939768536839133048e+02
-1.658372049458040820e+01,2.139114453391709390e+02
-1.408372049458040820e+01,2.305784276238749442e+02
-1.158372049458040820e+01,2.437329341071201156e+02
-9.083720494580408200e+00,2.533931516500383054e+02
-6.583720494580408200e+00,2.607170523137950227e+02
-4.083720494580408200e+00,2.651126230425373933e+02
-1.583720494580408644e+00,2.671932926809167270e+02
4.662795054195886246e-01,2.671693257603896541e+02
2.966279505419595619e+00,2.648672556493658021e+02
5.466279505419596063e+00,2.606473233700087349e+02
7.966279505419596063e+00,2.538946068673688217e+02
1.046627950541959606e+01,2.445504329710013849e+02
1.296627950541959606e+01,2.318923396922318716e+02
1.546627950541959606e+01,2.160771836235902015e+02
1.796627950541959606e+01,1.949374400627919783e+02
1.886627950541958754e+01,1.847518395051706079e+02
2.046627950541959606e+01,1.672050897672426970e+02
2.136627950541958754e+01,1.533990687208348334e+02
2.296627950541959606e+01,9.868304734396443223e+01
2.386627950541958754e+01,1.239927260779329998e+02
2.546627950541959606e+01,7.094233549327120159e+01
2.636627950541958754e+01,2.868248401417258719e+01
-1.000000000000000000e+03,-1.000000000000000000e+03
-3.035114037705505297e+01,0.000000000000000000e+00
-2.976114037702944159e+01,6.215309059043585194e+01
-2.956114037702943875e+01,8.167651541677277294e+01
-2.916114037702944017e+01,1.214346462885374649e+02
-2.841114037702944017e+01,1.326512904200937157e+02
-2.691114037702944017e+01,1.707834834314252532e+02
-2.601114037702944159e+01,1.866100833777170180e+02
-2.441114037702944017e+01,2.057832994376433930e+02
-2.351114037702944159e+01,2.176573381948914232e+02
-2.146114037702943733e+01,2.395166573710989155e+02
-1.896114037702943733e+01,2.590342109135978035e+02
-1.646114037702943733e+01,2.745222096062958030e+02
-1.396114037702943733e+01,2.867117069870597561e+02
-1.146114037702943733e+01,2.961503785909671365e+02
-8.961140377029437332e+00,3.031210788869124713e+02
-6.461140377029436443e+00,3.085741547893822485e+02
-4.411140377029439286e+00,3.100654690282021875e+02
-3.511140377029440707e+00,3.115567832670220696e+02
-1.911140377029432402e+00,3.122997039140025208e+02
-1.011140377029440929e+00,3.130426245609830289e+02
5.888596229705675977e-01,3.129607423900535537e+02
3.088859622970567820e+00,3.108213430861393363e+02
5.588859622970567820e+00,3.070897827576785630e+02
8.088859622970566932e+00,3.006804268223076519e+02
1.058885962297056693e+01,2.922193871714036959e+02
1.308885962297056693e+01,2.828409545564355767e+02
1.558885962297056693e+01,2.705006838327502123e+02
1.808885962297056693e+01,2.543893858744214072e+02
2.058885962297056693e+01,2.356968096689031427e+02
2.308885962297056693e+01,2.091304274754929224e+02
2.398885962297055841e+01,1.961046622620828828e+02
2.558885962297056693e+01,1.713325259719588303e+02
2.648885962297055841e+01,1.511629177219250835e+02
2.808885962297056693e+01,4.245376196679176672e+01
-1.000000000000000000e+03,-1.000000000000000000e+03
-2.501409026728200757e+01,0.000000000000000000e+00
-2.442409026725639620e+01,5.276699885719754235e+01
-2.422409026725639336e+01,7.393654153107664229e+01
-2.382409026725639478e+01,9.326187397078888353e+01
-2.307409026725639478e+01,1.087153508469853733e+02
-2.157409026725639478e+01,1.466165431555245107e+02
-2.067409026725639620e+01,1.613920180505993756e+02
-1.907409026725639478e+01,1.802955528910035525e+02
-1.817409026725639620e+01,1.913230069530036133e+02
-1.612409026725639194e+01,2.114501281801686616e+02
-1.362409026725639194e+01,2.281762997252146477e+02
-1.112409026725639194e+01,2.409980314432892214e+02
-8.624090267256391940e+00,2.507798075700407310e+02
-6.124090267256392828e+00,2.573315252405559477e+02
-3.624090267256392384e+00,2.614380307072747200e+02
-1.124090267256392384e+00,2.634243053490666284e+02
9.259097327436046632e-01,2.632472147907782869e+02
3.425909732743611880e+00,2.608348491918944774e+02
5.925909732743611436e+00,2.558792118354206480e+02
8.425909732743612324e+00,2.484893553072996042e+02
1.092590973274361232e+01,2.387448450884335784e+02
1.342590973274361232e+01,2.250355550355165519e+02
1.592590973274361232e+01,2.077063777022233353e+02
1.842590973274361232e+01,1.857031235846074253e+02
1.932590973274360380e+01,1.741577961902080176e+02
2.092590973274361232e+01,1.539500326673206132e+02
2.182590973274360380e+01,1.379333113729165632e+02
2.342590973274361232e+01,5.947009857037188141e+01
2.432590973274360380e+01,9.983217305459223212e+01
2.592590973274361232e+01,5.268508592627354403e+01
-1.000000000000000000e+03,-1.000000000000000000e+03
-2.859088273462505825e+01,0.000000000000000000e+00
-2.800088273459944688e+01,5.535597719765856084e+01
-2.780088273459944403e+01,8.149172656103107215e+01
-2.740088273459944546e+01,1.030504539060137859e+02
-2.665088273459944546e+01,1.193536151542926689e+02
-2.515088273459944546e+01,1.594310947620810737e+02
-2.425088273459944688e+01,1.759704999230264661e+02
-2.265088273459944546e+01,1.961223602658110678e+02
-2.175088273459944688e+01,2.087019772315288719e+02
-1.970088273459944261e+01,2.307733260878819692e+02
-1.720088273459944261e+01,2.500021173987795748e+02
-1.470088273459944261e+01,2.646935390500288463e+02
-1.220088273459944261e+01,2.769244379861355014e+02
-9.700882734599442614e+00,2.862323800204530926e+02
-7.200882734599442614e+00,2.927678289752581122e+02
-4.700882734599442614e+00,2.966166876225832993e+02
-2.650882734599445012e+00,2.979821472605360668e+02
-1.750882734599446433e+00,2.993476068984887775e+02
-1.508827345994379066e-01,2.995272329901173407e+02
7.491172654005535669e-01,2.997068590817459039e+02
2.349117265400562093e+00,2.985598706866130101e+02
4.849117265400561649e+00,2.942118964223906801e+02
7.349117265400561649e+00,2.891599562739756379e+02
9.849117265400561649e+00,2.818246186374337867e+02
1.234911726540056165e+01,2.705506807755551790e+02
1.484911726540056165e+01,2.584114098318894435e+02
1.734911726540056165e+01,2.411899903605668953e+02
1.984911726540056165e+01,2.209818988033295852e+02
2.234911726540056165e+01,1.937817400983609275e+02
2.324911726540055312e+01,1.809389418438196913e+02
2.484911726540056165e+01,1.554414137827925231e+02
2.574911726540055312e+01,1.355208212837137296e+02
2.734911726540056165e+01,8.451401328962198534e+01
2.824911726540055312e+01,8.072254102705926471e+01
2.984911726540056165e+01,7.108770076128341486e+01
-1.000000000000000000e+03,-1.000000000000000000e+03
-2.642220389075875531e+01,0.000000000000000000e+00
-2.583220389073314394e+01,5.569301858712309894e+01
-2.563220389073314109e+01,7.760903276956283037e+01
-2.523220389073314252e+01,9.748167991116883968e+01
-2.448220389073314252e+01,1.127686469375602627e+02
-2.298220389073314252e+01,1.509441607958800091e+02
-2.208220389073314394e+01,1.666199759573830192e+02
-2.048220389073314252e+01,1.867110519503899866e+02
-1.958220389073314394e+01,1.983462656875212531e+02
-1.753220389073313967e+01,2.184850370233848764e+02
-1.503220389073313790e+01,2.366418918811116043e+02
-1.253220389073313790e+01,2.501715477146072431e+02
-1.003220389073313790e+01,2.607594935674229646e+02
-7.532203890733137897e+00,2.685285226543559816e+02
-5.032203890733137897e+00,2.736395279622876728e+02
-2.532203890733137897e+00,2.768913839279263129e+02
-4.822038907331408497e-01,2.774153067490530020e+02
4.177961092668577292e-01,2.779392295701797480e+02
2.017796109266866367e+00,2.764245179339931155e+02
4.517796109266866367e+00,2.727688356767152982e+02
7.017796109266866367e+00,2.674338778973360036e+02
9.517796109266866367e+00,2.598069115038216523e+02
1.201779610926686637e+01,2.487366026603022533e+02
1.451779610926686637e+01,2.348134420015624073e+02
1.701779610926686459e+01,2.173716357816059883e+02
1.951779610926686459e+01,1.941024840222275714e+02
2.201779610926686459e+01,1.618881940297937945e+02
2.291779610926685606e+01,1.464568586529102561e+02
2.451779610926686459e+01,1.106867924590980721e+02
2.541779610926685606e+01,7.523605436362102239e+01
2.701779610926686459e+01,4.369148275026372374e+01
-1.000000000000000000e+03,-1.000000000000000000e+03
-2.898518636843979124e+01,0.000000000000000000e+00
-2.839518636841417987e+01,5.830428760433883184e+01
-2.819518636841417702e+01,8.190923179152166256e+01
-2.779518636841417845e+01,1.023608264602351170e+02
-2.704518636841417845e+01,1.194480097085000949e+02
-2.554518636841417845e+01,1.599222733392521150e+02
-2.464518636841417987e+01,1.759218040220545731e+02
-2.304518636841417845e+01,1.976245150950173866e+02
-2.214518636841417987e+01,2.091194190061157769e+02
-2.009518636841417560e+01,2.316401741366857436e+02
-1.759518636841417560e+01,2.507561064260188743e+02
-1.509518636841417738e+01,2.657769672472558682e+02
-1.259518636841417738e+01,2.777153078792003384e+02
-1.009518636841417738e+01,2.867570224595750688e+02
-7.595186368414177380e+00,2.934661511912647143e+02
-5.095186368414177380e+00,2.985327480823171413e+02
-3.045186368414179778e+00,2.993742842520783825e+02
-2.145186368414181199e+00,3.002158204218396236e+02
-5.451863684141727839e-01,3.004973835408316063e+02
3.548136315858186896e-01,3.007789466598236459e+02
1.954813631585827327e+00,2.998859173971683845e+02
4.454813631585826883e+00,2.968653255071061494e+02
6.954813631585826883e+00,2.913439797488944691e+02
9.454813631585826883e+00,2.836419428693934037e+02
1.195481363158582688e+01,2.739018057096436110e+02
1.445481363158582688e+01,2.614040895438964185e+02
1.695481363158582866e+01,2.460190607541502175e+02
1.945481363158582866e+01,2.262595665744177609e+02
2.195481363158582866e+01,2.005004078916512356e+02
2.285481363158582013e+01,1.883684459225706291e+02
2.445481363158582866e+01,1.656617807968364389e+02
2.535481363158582013e+01,1.481803696404099071e+02
2.695481363158582866e+01,1.075340339635890103e+02
2.785481363158582013e+01,6.329434322674182312e+01
2.945481363158582866e+01,6.443975200597915887e+01
-1.000000000000000000e+03,-1.000000000000000000e+03
-2.978432296495279274e+01,0.000000000000000000e+00
-2.919432296492718137e+01,5.627385561407327685e+01
-2.899432296492717853e+01,8.692488765388030458e+01
-2.859432296492717995e+01,1.085494360702483476e+02
-2.784432296492717995e+01,1.244764520769979299e+02
-2.634432296492717995e+01,1.636131081360109931e+02
-2.544432296492718137e+01,1.803355108917903920e+02
-2.384432296492717995e+01,2.013544532007529710e+02
-2.294432296492718137e+01,2.139066395994208847e+02
-2.089432296492717711e+01,2.363208356881604857e+02
-1.839432296492717711e+01,2.554155798757224431e+02
-1.589432296492717533e+01,2.713406717524644023e+02
-1.339432296492717533e+01,2.842928735639473530e+02
-1.089432296492717533e+01,2.938619915438971475e+02
-8.394322964927175335e+00,3.009278054601632562e+02
-5.894322964927175335e+00,3.064326189632474780e+02
-3.844322964927178177e+00,3.078866973548983310e+02
-2.944322964927179598e+00,3.093407757465491841e+02
-1.344322964927171071e+00,3.101820412369934274e+02
-4.443229649271797088e-01,3.110233067274377277e+02
1.155677035072828929e+00,3.103303877062564311e+02
3.655677035072828929e+00,3.077582385082606038e+02
6.155677035072828929e+00,3.034280446651915781e+02
8.655677035072828929e+00,2.971574828982022041e+02
1.115567703507282893e+01,2.890101742144668151e+02
1.365567703507282893e+01,2.778780864971002984e+02
1.615567703507282715e+01,2.639075142038317949e+02
1.865567703507282715e+01,2.463248409581298972e+02
2.115567703507282715e+01,2.249615603712216512e+02
2.365567703507282715e+01,1.961034039533186899e+02
2.455567703507281863e+01,1.829042835099926378e+02
2.615567703507282715e+01,1.556101252084559405e+02
2.705567703507281863e+01,1.342150897031275747e+02
2.865567703507282715e+01,3.040446026148466174e+01
-1.000000000000000000e+03,-1.000000000000000000e+03
-2.883852294552014328e+01,0.000000000000000000e+00
-2.824852294549453191e+01,5.914384632840934586e+01
-2.804852294549452907e+01,8.171620091722044776e+01
-2.764852294549453049e+01,1.030515749056371106e+02
-2.689852294549453049e+01,1.189960471766954555e+02
-2.539852294549453049e+01,1.596932240962942728e+02
-2.449852294549453191e+01,1.762434049845290360e+02
-2.289852294549453049e+01,1.975837406847625459e+02
-2.199852294549453191e+01,2.093649037282848155e+02
-1.994852294549452765e+01,2.317646713397406018e+02
-1.744852294549452765e+01,2.506671978482119414e+02
-1.494852294549452765e+01,2.658036880456451172e+02
-1.244852294549452765e+01,2.778984875368286112e+02
-9.948522945494527647e+00,2.875210383006011057e+02
-7.448522945494527647e+00,2.938318205211358531e+02
-4.948522945494527647e+00,2.988708134381489572e+02
-2.898522945494530489e+00,3.002020245011229918e+02
-1.998522945494531688e+00,3.015332355640969695e+02
-3.985229454945231620e-01,3.018404026861635998e+02
5.014770545054683115e-01,3.021475698082302301e+02
2.101477054505476616e+00,3.005857631837074564e+02
4.601477054505476616e+00,2.974362759306159205e+02
7.101477054505476616e+00,2.920659219865643195e+02
9.601477054505476616e+00,2.845518020690870458e+02
1.210147705450547662e+01,2.749307879820401581e+02
1.460147705450547662e+01,2.624934154454840041e+02
1.710147705450547662e+01,2.467552559696390233e+02
1.960147705450547662e+01,2.270931940363671515e+02
2.210147705450547662e+01,2.015143987083822879e+02
2.300147705450546809e+01,1.888813527017493357e+02
2.460147705450547662e+01,1.658556356212584433e+02
2.550147705450546809e+01,1.484774302616295074e+02
2.710147705450547662e+01,1.070411083376905736e+02
2.800147705450546809e+01,6.109751530121021545e+01
2.960147705450547662e+01,6.341580825078077766e+01
-1.000000000000000000e+03,-1.000000000000000000e+03
-2.425898381933334846e+01,0.000000000000000000e+00
-2.366898381930773709e+01,5.239998430382844674e+01
-2.346898381930773425e+01,7.347926702533303001e+01
-2.306898381930773567e+01,9.363742544157366865e+01
-2.231898381930773567e+01,1.081904637141304022e+02
-2.081898381930773567e+01,1.448877733476753349e+02
-1.991898381930773709e+01,1.593095233799599839e+02
-1.831898381930773567e+01,1.781551057495946679e+02
-1.741898381930773709e+01,1.883110484159801672e+02
-1.536898381930773461e+01,2.076039386088331753e+02
-1.286898381930773461e+01,2.238286189093993528e+02
-1.036898381930773461e+01,2.372754106915796513e+02
-7.868983819307733718e+00,2.451439863627320221e+02
-5.368983819307733718e+00,2.518910442434286665e+02
-2.868983819307733718e+00,2.557836099322627490e+02
-3.689838193077339401e-01,2.572522104950099902e+02
1.681016180692263218e+00,2.561909757061974915e+02
4.181016180692270545e+00,2.528754179574427781e+02
6.681016180692270545e+00,2.473555194056816902e+02
9.181016180692269657e+00,2.391369286336426114e+02
1.168101618069226966e+01,2.280767549748709371e+02
1.418101618069226966e+01,2.136920933483554563e+02
1.668101618069227143e+01,1.941669104211894421e+02
1.918101618069227143e+01,1.687238670979423603e+02
2.008101618069226291e+01,1.558852555095243133e+02
2.168101618069227143e+01,1.300534973120182087e+02
2.258101618069226291e+01,1.087239475692715871e+02
2.418101618069227143e+01,1.749474487178239102e+01
-1.000000000000000000e+03,-1.000000000000000000e+03
-2.777693644632264380e+01,0.000000000000000000e+00
-2.718693644629703243e+01,5.547681339177988491e+01
-2.698693644629702959e+01,8.051164548013731803e+01
-2.658693644629703101e+01,1.009426499040808665e+02
-2.583693644629703101e+01,1.175981829171468718e+02
-2.433693644629703101e+01,1.573419128708635810e+02
-2.343693644629703243e+01,1.728589553940941244e+02
-2.183693644629703101e+01,1.937286755733818211e+02
-2.093693644629703243e+01,2.053609110534823685e+02
-1.888693644629702817e+01,2.268111680088314586e+02
-1.638693644629702817e+01,2.458481358431311605e+02
-1.388693644629702817e+01,2.601398942057541035e+02
-1.138693644629702817e+01,2.721714229698901590e+02
-8.886936446297028169e+00,2.804192852501301445e+02
-6.386936446297027281e+00,2.867580995384791436e+02
-3.886936446297027725e+00,2.902823322808842477e+02
-1.836936446297030567e+00,2.917138296493335474e+02
-9.369364462970318774e-01,2.931453270177827903e+02
6.630635537029766491e-01,2.927188652716070578e+02
3.163063553702976538e+00,2.901295142046369051e+02
5.663063553702976982e+00,2.867393801601725727e+02
8.163063553702976094e+00,2.800983961361181400e+02
1.066306355370297609e+01,2.714723320300486762e+02
1.316306355370297609e+01,2.603911618946457338e+02
1.566306355370297609e+01,2.460477177224385912e+02
1.816306355370297609e+01,2.277371962270954953e+02
2.066306355370297609e+01,2.044844429269832631e+02
2.156306355370296757e+01,1.932919969773661819e+02
2.316306355370297609e+01,1.737897378197271792e+02
2.406306355370296757e+01,1.581259406815906345e+02
2.566306355370297609e+01,1.251599438056890534e+02
2.656306355370296757e+01,9.577080967404818068e+01
2.816306355370297609e+01,3.358640335531756449e+01
-1.000000000000000000e+03,-1.000000000000000000e+03
-2.525928523283792160e+01,0.000000000000000000e+00
-2.466928523281231023e+01,5.679979048257862217e+01
-2.446928523281230738e+01,7.641429528934283155e+01
-2.406928523281230881e+01,9.594740891947513717e+01
-2.331928523281230881e+01,1.103099162873206467e+02
-2.181928523281230881e+01,1.478471721820635025e+02
-2.091928523281231023e+01,1.630783987213962121e+02
-1.931928523281230881e+01,1.823909019219638026e+02
-1.841928523281231023e+01,1.935802161961039474e+02
-1.636928523281230596e+01,2.133890005286777125e+02
-1.386928523281230596e+01,2.305738124416844528e+02
-1.136928523281230596e+01,2.432604966207227051e+02
-8.869285232812305964e+00,2.528481109330871845e+02
-6.369285232812305075e+00,2.598877037696428260e+02
-3.869285232812305075e+00,2.639968783383258142e+02
-1.369285232812305075e+00,2.663857604088698849e+02
6.807147671876920825e-01,2.659224869035700749e+02
3.180714767187699188e+00,2.642859072543319030e+02
5.680714767187699188e+00,2.593235372975685209e+02
8.180714767187698300e+00,2.528130512048387004e+02
1.068071476718769830e+01,2.428623569439330083e+02
1.318071476718769830e+01,2.303250700182434514e+02
1.568071476718769830e+01,2.135573130283181911e+02
1.818071476718769830e+01,1.931282002174627053e+02
1.908071476718768977e+01,1.827707929770479325e+02
2.068071476718769830e+01,1.639546086939889733e+02
2.158071476718768977e+01,1.492056195334738220e+02
2.318071476718769830e+01,9.269638745825791659e+01
2.408071476718768977e+01,1.195847024295315890e+02
2.568071476718769830e+01,1.186489908453995383e+02
2.658071476718768977e+01,2.832373885479251996e+01
-1.000000000000000000e+03,-1.000000000000000000e+03
-2.599904651647509013e+01,0.000000000000000000e+00
-2.540904651644947876e+01,5.255307115637437221e+01
-2.520904651644947592e+01,7.705114136581364903e+01
-2.480904651644947734e+01,9.701048306436011615e+01
-2.405904651644947734e+01,1.119828203632277877e+02
-2.255904651644947734e+01,1.506263486910574443e+02
-2.165904651644947876e+01,1.664233031100062306e+02
-2.005904651644947734e+01,1.852015811326221524e+02
-1.915904651644947876e+01,1.964260898863481657e+02
-1.710904651644947450e+01,2.169682940765541730e+02
-1.460904651644947450e+01,2.343015715456584189e+02
-1.210904651644947450e+01,2.471830058372261760e+02
-9.609046516449474495e+00,2.576131143895803461e+02
-7.109046516449474495e+00,2.651184859681167154e+02
-4.609046516449474495e+00,2.702820268922049536e+02
-2.109046516449474495e+00,2.728100113664862647e+02
-5.904651644947711553e-02,2.729356361060074505e+02
8.409534835505214634e-01,2.730612608455286363e+02
2.440953483550529768e+00,2.712103267100082462e+02
4.940953483550529768e+00,2.677930484826050019e+02
7.440953483550529768e+00,2.611196073051336839e+02
9.940953483550529768e+00,2.526386178823675266e+02
1.244095348355052977e+01,2.412477884029062523e+02
1.494095348355052977e+01,2.262103733317458989e+02
1.744095348355052977e+01,2.075264017243775356e+02
1.994095348355052977e+01,1.819709776690786214e+02
2.084095348355052124e+01,1.691578124559577248e+02
2.244095348355052977e+01,1.453153733021480036e+02
2.334095348355052124e+01,1.268259360840666119e+02
2.494095348355052977e+01,7.427611243864727442e+01
2.584095348355052124e+01,7.194215218633935649e+01
-1.000000000000000000e+03,-1.000000000000000000e+03
-1.628206574001396234e+01,0.000000000000000000e+00
-1.569206573998834919e+01,4.173413276122066407e+01
-1.549206573998834635e+01,5.565956539827590888e+01
-1.509206573998834777e+01,7.217305602412403687e+01
-1.434206573998834777e+01,8.236522187892978764e+01
-1.284206573998834777e+01,1.125347768392373524e+02
-1.194206573998834919e+01,1.235993108286524205e+02
-1.034206573998834777e+01,1.358914623917335973e+02
-9.442065739988349193e+00,1.444450711660564366e+02
-7.392065739988344930e+00,1.572639024885094443e+02
-4.892065739988344930e+00,1.663590389785707941e+02
-2.392065739988344930e+00,1.713981665864363038e+02
1.079342600116549589e-01,1.731016118057644633e+02
2.607934260011655070e+00,1.713844572011600178e+02
5.107934260011655070e+00,1.652770397007415681e+02
7.607934260011655070e+00,1.548083586984768374e+02
9.657934260011652228e+00,1.413474470162346392e+02
1.215793426001165933e+01,1.195438923622356526e+02
1.305793426001165081e+01,1.073393859232532606e+02
1.465793426001165933e+01,8.195596547872223425e+01
1.555793426001165081e+01,5.313797217700982856e+01
1.715793426001165756e+01,3.597038714215286603e+01
-1.000000000000000000e+03,-1.000000000000000000e+03
-2.474484294726670441e+01,0.000000000000000000e+00
-2.415484294724109304e+01,5.494260190246398423e+01
-2.395484294724109020e+01,7.635949809525750709e+01
-2.355484294724109162e+01,9.693719967207518096e+01
-2.280484294724109162e+01,1.101135595778666527e+02
-2.130484294724109162e+01,1.473486212202359127e+02
-2.040484294724109304e+01,1.624847177221175230e+02
-1.880484294724109162e+01,1.804832771466381587e+02
-1.790484294724109304e+01,1.917240547077424537e+02
-1.585484294724109056e+01,2.115897782214189249e+02
-1.335484294724109056e+01,2.280887150529001701e+02
-1.085484294724109056e+01,2.405523035851421696e+02
-8.354842947241090556e+00,2.505994224478705235e+02
-5.854842947241089668e+00,2.564157074328323347e+02
-3.354842947241089668e+00,2.606929091469826858e+02
-8.548429472410897789e-01,2.626105662230115172e+02
1.195157052758907490e+00,2.619125234418856394e+02
3.695157052758914595e+00,2.588843514628525213e+02
6.195157052758914595e+00,2.539524494209426848e+02
8.695157052758913707e+00,2.466588184045708658e+02
1.119515705275891371e+01,2.357462413069509353e+02
1.369515705275891371e+01,2.228116709398142916e+02
1.619515705275891548e+01,2.054360311728631530e+02
1.869515705275891548e+01,1.817984313006663797e+02
1.959515705275890696e+01,1.705215468668787082e+02
2.119515705275891548e+01,1.492400236481305456e+02
2.209515705275890696e+01,1.327421067512023569e+02
2.369515705275891548e+01,3.117465374239318621e+01
-1.000000000000000000e+03,-1.000000000000000000e+03
-2.237145196200089359e+01,0.000000000000000000e+00
-2.178145196197528222e+01,5.254822588486866408e+01
-2.158145196197527937e+01,7.171104903745630565e+01
-2.118145196197528080e+01,9.007486902178892763e+01
-2.043145196197528080e+01,1.035676967228498313e+02
-1.893145196197528080e+01,1.361841083685877152e+02
-1.803145196197528222e+01,1.512474553778793904e+02
-1.643145196197528080e+01,1.678774022550649079e+02
-1.553145196197528399e+01,1.782779818902747309e+02
-1.348145196197527973e+01,1.965367163425107435e+02
-1.098145196197527973e+01,2.111082297737680449e+02
-8.481451961975279730e+00,2.212813539570693422e+02
-5.981451961975279730e+00,2.292431167923734847e+02
-3.481451961975279286e+00,2.330292413991963656e+02
-9.814519619752792856e-01,2.354880089113196107e+02
1.518548038024720714e+00,2.351525937984945642e+02
3.568548038024717872e+00,2.316048726020946162e+02
6.068548038024724534e+00,2.264402571884780286e+02
8.568548038024724534e+00,2.181946949627067056e+02
1.106854803802472453e+01,2.063393016551412984e+02
1.356854803802472453e+01,1.903939912383916351e+02
1.606854803802472631e+01,1.696206548345440126e+02
1.696854803802471778e+01,1.582844522674318171e+02
1.856854803802472631e+01,1.382940633003400137e+02
1.946854803802471778e+01,1.232186156247818474e+02
2.106854803802472631e+01,2.822877342100582609e+01
-1.000000000000000000e+03,-1.000000000000000000e+03
-2.731700058830915623e+01,0.000000000000000000e+00
-2.672700058828354486e+01,5.638943092780557720e+01
-2.652700058828354202e+01,8.142888654156782025e+01
-2.612700058828354344e+01,1.016125892422558792e+02
-2.537700058828354344e+01,1.172630512512056242e+02
-2.387700058828354344e+01,1.557833442030882338e+02
-2.297700058828354486e+01,1.717380570213200883e+02
-2.137700058828354344e+01,1.917103883514142524e+02
-2.047700058828354486e+01,2.036252916019347765e+02
-1.842700058828354059e+01,2.248083925096712790e+02
-1.592700058828354237e+01,2.430754240586737467e+02
-1.342700058828354237e+01,2.575536356870062491e+02
-1.092700058828354237e+01,2.684520175212860522e+02
-8.427000588283542371e+00,2.767724222455474887e+02
-5.927000588283542371e+00,2.823719885718597311e+02
-3.427000588283542371e+00,2.864279329552084050e+02
-1.377000588283545213e+00,2.872659585970789635e+02
-4.770005882835466338e-01,2.881039842389495220e+02
1.122999411716461893e+00,2.876113632433363705e+02
3.622999411716461893e+00,2.844914254439488559e+02
6.122999411716461893e+00,2.800684404383136439e+02
8.622999411716461893e+00,2.731745750635565173e+02
1.112299941171646189e+01,2.638212081823521089e+02
1.362299941171646189e+01,2.519310720137492012e+02
1.612299941171646367e+01,2.373453173772190326e+02
1.862299941171646367e+01,2.170163514904024566e+02
2.112299941171646367e+01,1.921582077622405507e+02
2.202299941171645514e+01,1.796503687466369854e+02
2.362299941171646367e+01,1.558961698991986680e+02
2.452299941171645514e+01,1.382715604524601645e+02
2.612299941171646367e+01,1.649250429820033759e+01
-1.000000000000000000e+03,-1.000000000000000000e+03
-2.671442676349438017e+01,0.000000000000000000e+00
-2.612442676346876880e+01,5.234983505967027639e+01
-2.592442676346876596e+01,7.811727078800495860e+01
-2.552442676346876738e+01,9.772015160730701666e+01
-2.477442676346876738e+01,1.131812970518377313e+02
-2.327442676346876738e+01,1.523759995625263741e+02
-2.237442676346876880e+01,1.682312704831170720e+02
-2.077442676346876738e+01,1.878022735116278739e+02
-1.987442676346876880e+01,1.989749745661087559e+02
-1.782442676346876453e+01,2.200642347134564432e+02
-1.532442676346876453e+01,2.376612960489317175e+02
-1.282442676346876453e+01,2.518286364561375024e+02
-1.032442676346876453e+01,2.622591207561853821e+02
-7.824426763468763646e+00,2.703261234966690836e+02
-5.324426763468763646e+00,2.756117453276480660e+02
-2.824426763468763646e+00,2.784488279314952024e+02
-7.744267634687664881e-01,2.791021621130456651e+02
1.255732365312320908e-01,2.797554962945961279e+02
1.725573236531240617e+00,2.786238805970033354e+02
4.225573236531240617e+00,2.752564158963910472e+02
6.725573236531240617e+00,2.704651892093845049e+02
9.225573236531239729e+00,2.626320337522794830e+02
1.172557323653123973e+01,2.522776317431462303e+02
1.422557323653123973e+01,2.387365102500456828e+02
1.672557323653123973e+01,2.216016779047304794e+02
1.922557323653123973e+01,1.989348896738088115e+02
2.172557323653123973e+01,1.691504323159318233e+02
2.262557323653123120e+01,1.547513230567450648e+02
2.422557323653123973e+01,1.224241941155365083e+02
2.512557323653123120e+01,9.374700273186097377e+01
2.672557323653123973e+01,4.128083594962805591e+01
2.762557323653123120e+01,6.179541532605446719e+01
-1.000000000000000000e+03,-1.000000000000000000e+03
-2.840701575227846476e+01,0.000000000000000000e+00
-2.781701575225285339e+01,5.514711650596647985e+01
-2.761701575225285055e+01,8.183224489073452901e+01
-2.721701575225285197e+01,1.024578989794847530e+02
-2.646701575225285197e+01,1.190204736645335970e+02
-2.496701575225285197e+01,1.585612361125174630e+02
-2.406701575225285339e+01,1.749700414350249105e+02
-2.246701575225285197e+01,1.955322571716593245e+02
-2.156701575225285339e+01,2.075421258835408764e+02
-1.951701575225284913e+01,2.297816353843074921e+02
-1.701701575225284913e+01,2.486657960982544751e+02
-1.451701575225284913e+01,2.637593866753434213e+02
-1.201701575225284913e+01,2.755971452982816459e+02
-9.517015752252849126e+00,2.842609377906609893e+02
-7.017015752252848237e+00,2.908451716801436646e+02
-4.517015752252848237e+00,2.948860531007015311e+02
-2.467015752252851524e+00,2.962338245772079404e+02
-1.567015752252852945e+00,2.975815960537143496e+02
3.298424774715569274e-02,2.977002473955348592e+02
9.329842477471471662e-01,2.978188987373553687e+02
2.532984247747155582e+00,2.963850894043995368e+02
5.032984247747156026e+00,2.923446878596545844e+02
7.532984247747156026e+00,2.868750767594293620e+02
1.003298424774715514e+01,2.790042858919776450e+02
1.253298424774715514e+01,2.688797291898413278e+02
1.503298424774715514e+01,2.555913797683461155e+02
1.753298424774715514e+01,2.390733446930162529e+02
2.003298424774715514e+01,2.178839282558557500e+02
2.253298424774715514e+01,1.906196440261026623e+02
2.343298424774714661e+01,1.765542639153832454e+02
2.503298424774715514e+01,1.510475025796435489e+02
2.593298424774714661e+01,1.304045321176300547e+02
2.753298424774715514e+01,7.227627850901700413e+01
2.843298424774714661e+01,3.008883954561124696e+01
-1.000000000000000000e+03,-1.000000000000000000e+03
-2.889833119243171566e+01,0.000000000000000000e+00
-2.830833119240610429e+01,5.632812314596817060e+01
-2.810833119240610145e+01,8.280790804439061503e+01
-2.770833119240610287e+01,1.046671655547678625e+02
-2.695833119240610287e+01,1.197141386521287956e+02
-2.545833119240610287e+01,1.605025684911272492e+02
-2.455833119240610429e+01,1.762344539249167781e+02
-2.295833119240610287e+01,1.983973567153491899e+02
-2.205833119240610429e+01,2.097500894134107625e+02
-2.000833119240610003e+01,2.323010100950647825e+02
-1.750833119240610003e+01,2.513795393928671160e+02
-1.500833119240610003e+01,2.666497136058884507e+02
-1.250833119240610003e+01,2.788106187471234421e+02
-1.000833119240610003e+01,2.879508452462243895e+02
-7.508331192406100030e+00,2.947201612462743583e+02
-5.008331192406100030e+00,2.994339893950179317e+02
-2.958331192406103316e+00,3.006641300658644695e+02
-2.058331192406104737e+00,3.018942707367109506e+02
-4.583311924060962106e-01,3.024396609303367995e+02
4.416688075938952629e-01,3.029850511239627053e+02
2.041668807593903789e+00,3.016155182010166982e+02
4.541668807593904233e+00,2.984869601798801000e+02
7.041668807593904233e+00,2.931740257350637648e+02
9.541668807593904233e+00,2.857683682623008394e+02
1.204166880759390423e+01,2.758291698527860376e+02
1.454166880759390423e+01,2.638733025340979452e+02
1.704166880759390423e+01,2.479662416370244955e+02
1.954166880759390423e+01,2.290433758588702347e+02
2.204166880759390423e+01,2.038894282078560991e+02
2.454166880759390423e+01,1.697652508757669523e+02
2.544166880759389571e+01,1.529283129156545726e+02
2.704166880759390423e+01,1.133169271972666365e+02
2.794166880759389571e+01,7.450388898891060308e+01
2.954166880759390423e+01,4.162864942804172586e+01
-1.000000000000000000e+03,-1.000000000000000000e+03
-2.907752183872418428e+01,0.000000000000000000e+00
-2.848752183869857291e+01,5.711771365338226047e+01
-2.828752183869857006e+01,8.063286631641999236e+01
-2.788752183869857149e+01,1.028926676119171191e+02
-2.713752183869857149e+01,1.190617390452188857e+02
-2.563752183869857149e+01,1.600274043016454186e+02
-2.473752183869857291e+01,1.762518000111770675e+02
-2.313752183869857149e+01,1.975462982507868048e+02
-2.223752183869857291e+01,2.090284044402097550e+02
-2.018752183869856864e+01,2.315990820413205711e+02
-1.768752183869856864e+01,2.509485322032627153e+02
-1.518752183869857042e+01,2.659671566934697466e+02
-1.268752183869857042e+01,2.782127080420416405e+02
-1.018752183869857042e+01,2.871551697172542958e+02
-7.687521838698569532e+00,2.938520122988582557e+02
-5.187521838698569532e+00,2.991729421578508550e+02
-3.137521838698572374e+00,3.000205871820676862e+02
-2.237521838698573795e+00,3.008682322062845174e+02
-6.375218386985653796e-01,3.010611547171091615e+02
2.624781613014260939e-01,3.012540772279338626e+02
1.862478161301434731e+00,3.005522536638926567e+02
4.362478161301434731e+00,2.975753374872746804e+02
6.862478161301434731e+00,2.918588058645300976e+02
9.362478161301433843e+00,2.849455678227262752e+02
1.186247816130143384e+01,2.751250201240068805e+02
1.436247816130143384e+01,2.625338082743710970e+02
1.686247816130143562e+01,2.467973679648699488e+02
1.936247816130143562e+01,2.271473832126704053e+02
2.186247816130143562e+01,2.014165024978014742e+02
2.276247816130142709e+01,1.893817228052974144e+02
2.436247816130143562e+01,1.664420923631496123e+02
2.526247816130142709e+01,1.489814980506114637e+02
2.686247816130143562e+01,1.084458446964560920e+02
2.776247816130142709e+01,6.372841539224104679e+01
2.936247816130143562e+01,4.278967276631130545e+01
-1.000000000000000000e+03,-1.000000000000000000e+03
-2.329905684549948575e+01,0.000000000000000000e+00
-2.270905684547387438e+01,5.043919083837253936e+01
-2.250905684547387153e+01,7.057511619403722136e+01
-2.210905684547387295e+01,9.037672686099686814e+01
-2.135905684547387295e+01,1.046462911762065033e+02
-1.985905684547387295e+01,1.407119699657439753e+02
-1.895905684547387438e+01,1.552883343139965007e+02
-1.735905684547387295e+01,1.724748696404935231e+02
-1.645905684547387438e+01,1.831844644693628652e+02
-1.440905684547387189e+01,2.017000196190416261e+02
-1.190905684547387189e+01,2.173324097274562803e+02
-9.409056845473871888e+00,2.279662115839668672e+02
-6.909056845473871000e+00,2.366240367976515699e+02
-4.409056845473871000e+00,2.423526380578405792e+02
-1.909056845473871000e+00,2.450662371230821464e+02
5.909431545261288887e-01,2.451457640617521179e+02
2.640943154526126158e+00,2.433333465249718301e+02
5.140943154526133263e+00,2.389358927418839187e+02
7.640943154526133263e+00,2.315869454705412522e+02
1.014094315452613237e+01,2.220187420072118130e+02
1.264094315452613237e+01,2.091886249669101403e+02
1.514094315452613237e+01,1.916672433344585897e+02
1.764094315452613415e+01,1.680162837177732058e+02
1.854094315452612562e+01,1.561327223895808061e+02
2.014094315452613415e+01,1.339921532227523926e+02
2.104094315452612562e+01,1.152731751459349852e+02
2.264094315452613415e+01,6.272639556330572219e+01
2.354094315452612562e+01,4.109202098359378397e+01
-1.000000000000000000e+03,-1.000000000000000000e+03
-2.814774269921979410e+01,0.000000000000000000e+00
-2.755774269919418273e+01,5.826161599545457648e+01
-2.735774269919417989e+01,8.168235670916521940e+01
-2.695774269919418131e+01,1.024073698939550923e+02
-2.620774269919418131e+01,1.188686274335831143e+02
-2.470774269919418131e+01,1.579662545467733707e+02
-2.380774269919418273e+01,1.741703016392709742e+02
-2.220774269919418131e+01,1.949730227442236981e+02
-2.130774269919418273e+01,2.071753017599914983e+02
-1.925774269919417847e+01,2.283467969221702845e+02
-1.675774269919417847e+01,2.475462363094910074e+02
-1.425774269919417847e+01,2.623555128759527975e+02
-1.175774269919417847e+01,2.742729404547033596e+02
-9.257742699194178471e+00,2.830591175866772460e+02
-6.757742699194179359e+00,2.894182725381492105e+02
-4.257742699194179359e+00,2.937334459708695817e+02
-2.207742699194182201e+00,2.949467681390484586e+02
-1.307742699194183622e+00,2.961600903072273354e+02
2.922573008058249044e-01,2.961330627544987237e+02
1.192257300805816378e+00,2.961330627544987237e+02
2.792257300805824904e+00,2.944060398935131388e+02
5.292257300805824904e+00,2.905595673283545466e+02
7.792257300805824904e+00,2.847375377453794272e+02
1.029225730080582579e+01,2.764092712626920161e+02
1.279225730080582579e+01,2.656783552584960262e+02
1.529225730080582579e+01,2.518193928027470179e+02
1.779225730080582579e+01,2.342226988694082763e+02
2.029225730080582579e+01,2.126897928965973392e+02
2.119225730080581727e+01,2.023505079853153177e+02
2.279225730080582579e+01,1.838994297660235020e+02
2.369225730080581727e+01,1.693820700613098325e+02
2.529225730080582579e+01,1.419348116830900324e+02
2.619225730080581727e+01,1.184610301798165466e+02
2.779225730080582579e+01,5.015040198183525888e+01
2.869225730080581727e+01,1.624493030811726868e+01
-1.000000000000000000e+03,-1.000000000000000000e+03
-2.699514272097507828e+01,0.000000000000000000e+00
-2.640514272094946691e+01,5.336814043891551052e+01
-2.620514272094946406e+01,7.852958958636925502e+01
-2.580514272094946548e+01,9.933286605674689440e+01
-2.505514272094946548e+01,1.145110383715657463e+02
-2.355514272094946548e+01,1.530325093911099827e+02
-2.265514272094946691e+01,1.688545542974011653e+02
-2.105514272094946548e+01,1.883918959224806429e+02
-2.015514272094946691e+01,1.999630736583106341e+02
-1.810514272094946264e+01,2.213260604723921290e+02
-1.560514272094946442e+01,2.395646287477810006e+02
-1.310514272094946442e+01,2.529563603648756214e+02
-1.060514272094946442e+01,2.639151299965831186e+02
-8.105142720949464419e+00,2.720852797841425854e+02
-5.605142720949464419e+00,2.776010822034029957e+02
-3.105142720949464419e+00,2.805057779029289122e+02
-1.055142720949467039e+00,2.811922952893728507e+02
-1.551427209494684600e-01,2.818788126758168460e+02
1.444857279050540066e+00,2.810419499616505732e+02
3.944857279050539844e+00,2.781593713653303439e+02
6.444857279050539844e+00,2.735182198618476264e+02
8.944857279050539844e+00,2.657379766442381310e+02
1.144485727905053984e+01,2.559653261169491998e+02
1.394485727905053984e+01,2.430815864214407895e+02
1.644485727905054162e+01,2.265223018592598692e+02
1.894485727905054162e+01,2.056032640235333986e+02
2.144485727905054162e+01,1.775755876013112697e+02
2.234485727905053309e+01,1.629492625899762572e+02
2.394485727905054162e+01,1.347003821608841179e+02
2.484485727905053309e+01,1.110767945301310817e+02
2.644485727905054162e+01,1.980156997939301533e+01
-1.000000000000000000e+03,-1.000000000000000000e+03
-3.025040683311354783e+01,1.377674099375134098e+01
-2.963040683311820445e+01,0.000000000000000000e+00
-2.900040683311354783e+01,5.694580424174647248e+01
-2.880040683311354499e+01,8.279425660686227673e+01
-2.840040683311354641e+01,1.055978202286692067e+02
-2.765040683311354641e+01,1.210554962979213798e+02
-2.615040683311354641e+01,1.798940705902672050e+02
-2.525040683311354783e+01,1.964688487975788576e+02
-2.365040683311354641e+01,2.130436270048905101e+02
-2.275040683311354783e+01,2.242443457959053603e+02
-2.070040683311354357e+01,2.354450645869201821e+02
-1.820040683311354357e+01,2.555956354097512815e+02
-1.570040683311354357e+01,2.711962420538522451e+02
-1.320040683311354357e+01,2.836895300950007481e+02
-1.070040683311354357e+01,2.929740454715933424e+02
-8.200406833113543570e+00,3.002614265492966865e+02
-5.700406833113544458e+00,3.051254805347770116e+02
-2.750406833113548721e+00,3.085108691319267677e+02
-2.504068331135486103e-01,3.098232834331594745e+02
1.349593166886459805e+00,3.090665898998049670e+02
3.849593166886459805e+00,3.060196003282936204e+02
6.349593166886459805e+00,3.018036034243840504e+02
8.849593166886460693e+00,2.952355292636207764e+02
1.134959316688646069e+01,2.866462004702781883e+02
1.384959316688646069e+01,2.756268905898232902e+02
1.634959316688646069e+01,2.609729079894458437e+02
1.884959316688646069e+01,2.435434940293401667e+02
2.134959316688646069e+01,2.204935319528405273e+02
2.384959316688646069e+01,1.925531629117486432e+02
2.634959316688646069e+01,1.492642944440280814e+02
-1.000000000000000000e+03,-1.000000000000000000e+03
-2.677256856420936870e+01,0.000000000000000000e+00
-2.618256856418375733e+01,5.524429839056306690e+01
-2.598256856418375449e+01,7.766404018839720891e+01
-2.558256856418375591e+01,9.845480532400651441e+01
-2.483256856418375591e+01,1.141334032830919085e+02
-2.333256856418375591e+01,1.524849891317830100e+02
-2.243256856418375733e+01,1.684638914677661319e+02
-2.083256856418375591e+01,1.876526806325995835e+02
-1.993256856418375733e+01,1.990740534588162234e+02
-1.788256856418375307e+01,2.200107465509289000e+02
-1.538256856418375129e+01,2.381303941312739312e+02
-1.288256856418375129e+01,2.524617905142322627e+02
-1.038256856418375129e+01,2.624167016242148520e+02
-7.882568564183752180e+00,2.707809526956385184e+02
-5.382568564183752180e+00,2.759907345827251106e+02
-2.882568564183752180e+00,2.790761317968130015e+02
-8.325685641837549111e-01,2.798955085300137853e+02
6.743143581624366778e-02,2.807148852632145690e+02
1.667431435816252083e+00,2.796516063942478354e+02
4.167431435816252083e+00,2.761666828359690840e+02
6.667431435816252083e+00,2.712812261926276847e+02
9.167431435816252971e+00,2.634347635672510251e+02
1.166743143581625297e+01,2.538928140367661399e+02
1.416743143581625297e+01,2.401701864681976417e+02
1.666743143581625120e+01,2.237181950165119702e+02
1.916743143581625120e+01,2.016236071329296067e+02
2.166743143581625120e+01,1.725111433772105158e+02
2.256743143581624267e+01,1.583709247955395369e+02
2.416743143581625120e+01,1.279291929142409572e+02
2.506743143581624267e+01,1.021642573556934650e+02
2.666743143581625120e+01,3.524063734523611657e+01
-1.000000000000000000e+03,-1.000000000000000000e+03
-2.949330051181086532e+01,0.000000000000000000e+00
-2.890330051178525395e+01,6.101250164799516540e+01
-2.870330051178525110e+01,8.375804298460330699e+01
-2.830330051178525252e+01,1.059195280280110438e+02
-2.755330051178525252e+01,1.215151780617108415e+02
-2.605330051178525252e+01,1.626902415714935159e+02
-2.515330051178525395e+01,1.787755783889055294e+02
-2.355330051178525252e+01,2.004095485096330265e+02
-2.265330051178525395e+01,2.129047902282659095e+02
-2.060330051178524968e+01,2.353126491904715749e+02
-1.810330051178524968e+01,2.554721667251525901e+02
-1.560330051178524791e+01,2.708700763103834674e+02
-1.310330051178524791e+01,2.835815928298858921e+02
-1.060330051178524791e+01,2.933917501482936245e+02
-8.103300511785247906e+00,3.003533356392745191e+02
-5.603300511785247906e+00,3.054515527153818084e+02
-3.553300511785251192e+00,3.068786891866965334e+02
-2.653300511785252613e+00,3.083058256580112015e+02
-1.053300511785244087e+00,3.090036220202595132e+02
-1.533005117852526134e-01,3.097014183825077680e+02
1.446699488214755913e+00,3.084593817325281293e+02
3.946699488214755913e+00,3.064229184467674827e+02
6.446699488214756357e+00,3.013105568745997402e+02
8.946699488214756357e+00,2.944731233250589639e+02
1.144669948821475636e+01,2.855354370124758816e+02
1.394669948821475636e+01,2.748179202665331218e+02
1.644669948821475458e+01,2.604905368979010518e+02
1.894669948821475458e+01,2.424690598670124757e+02
2.144669948821475458e+01,2.197924962178525163e+02
2.394669948821475458e+01,1.887707096851824531e+02
2.484669948821474605e+01,1.748187095529775377e+02
2.644669948821475458e+01,1.452657255096773667e+02
2.734669948821474605e+01,1.225793582281672656e+02
2.894669948821475458e+01,1.682252327024658811e+01
-1.000000000000000000e+03,-1.000000000000000000e+03
-2.328558475623594148e+01,0.000000000000000000e+00
-2.269558475621033011e+01,5.235435881724647800e+01
-2.249558475621032727e+01,7.128876384484148332e+01
-2.209558475621032869e+01,9.023874566008767317e+01
-2.134558475621032869e+01,1.039943525604893182e+02
-1.984558475621032869e+01,1.400660675005169651e+02
-1.894558475621033011e+01,1.555070921078411743e+02
-1.734558475621032869e+01,1.727271270061988275e+02
-1.644558475621033011e+01,1.831263671583144230e+02
-1.439558475621032763e+01,2.016917427762234922e+02
-1.189558475621032763e+01,2.172612643138549231e+02
-9.395584756210327626e+00,2.290276131708447735e+02
-6.895584756210327626e+00,2.371550373962193703e+02
-4.395584756210327626e+00,2.427564222796103763e+02
-1.895584756210327182e+00,2.452690800573562626e+02
6.044152437896728181e-01,2.456681461393372956e+02
2.654415243789669976e+00,2.439984914155017748e+02
5.154415243789676637e+00,2.392498252383333295e+02
7.654415243789676637e+00,2.322513739247174271e+02
1.015441524378967664e+01,2.228981244805907238e+02
1.265441524378967664e+01,2.092336709593407988e+02
1.515441524378967664e+01,1.919740676362514762e+02
1.765441524378967841e+01,1.676272470797786980e+02
1.855441524378966989e+01,1.558850526926107136e+02
2.015441524378967841e+01,1.327562685414056318e+02
2.105441524378966989e+01,1.141337534269612917e+02
2.265441524378967841e+01,5.854421226397255396e+01
2.355441524378966989e+01,3.764468358362935163e+01
-1.000000000000000000e+03,-1.000000000000000000e+03
-3.062216376948315144e+01,0.000000000000000000e+00
-3.003216376945754007e+01,6.404236227630465805e+01
-2.983216376945753723e+01,7.762723201390033978e+01
-2.943216376945753865e+01,1.180586962247667770e+02
-2.868216376945753865e+01,1.325963098339196051e+02
-2.718216376945753865e+01,1.695900073048520085e+02
-2.628216376945754007e+01,1.862113663163529225e+02
-2.468216376945753865e+01,2.042266571870803205e+02
-2.378216376945754007e+01,2.156802118591755573e+02
-2.173216376945753581e+01,2.377977167998471373e+02
-1.923216376945753581e+01,2.568818661096241840e+02
-1.673216376945753581e+01,2.716558785548238575e+02
-1.423216376945753403e+01,2.836733772920882757e+02
-1.173216376945753403e+01,2.930975278204750225e+02
-9.232163769457534030e+00,2.998818579918331011e+02
-6.732163769457534030e+00,3.043606500670409218e+02
-4.682163769457536873e+00,3.056653346763170020e+02
-3.782163769457538738e+00,3.069700192855930254e+02
-2.182163769457530211e+00,3.075114167669693188e+02
-1.282163769457538738e+00,3.080528142483456691e+02
3.178362305424697887e-01,3.073047091414458691e+02
2.817836230542469789e+00,3.044282165997023526e+02
5.317836230542470233e+00,3.023327355219966535e+02
7.817836230542470233e+00,2.969010957660376562e+02
1.031783623054247023e+01,2.886145762036713336e+02
1.281783623054247023e+01,2.791530649283102434e+02
1.531783623054247023e+01,2.659722752521363986e+02
1.781783623054246846e+01,2.486696383653152225e+02
2.031783623054246846e+01,2.270161423826309885e+02
2.281783623054246846e+01,1.977419404806958596e+02
2.371783623054245993e+01,1.843832590713447814e+02
2.531783623054246846e+01,1.553412622907819696e+02
2.621783623054245993e+01,1.328663278268561214e+02
2.781783623054246846e+01,5.840343624612795281e+01
-1.000000000000000000e+03,-1.000000000000000000e+03
-2.281851070728756170e+01,0.000000000000000000e+00
-2.222851070726195033e+01,5.851376321437260231e+01
-2.202851070726194749e+01,8.810320948286144471e+01
-2.162851070726194891e+01,1.045482505807906790e+02
-2.087851070726194891e+01,1.161097878800927674e+02
-1.937851070726194891e+01,1.458243962348491607e+02
-1.847851070726195033e+01,1.598039535788268211e+02
-1.687851070726194891e+01,1.731471289241751492e+02
-1.597851070726195211e+01,1.830348386093725992e+02
-1.392851070726194784e+01,2.007573552856675292e+02
-1.142851070726194784e+01,2.152398850227362743e+02
-8.928510707261947843e+00,2.256800512506804353e+02
-6.428510707261946955e+00,2.326908640443772072e+02
-3.928510707261946955e+00,2.369004602437417191e+02
-1.428510707261946955e+00,2.396121586006494795e+02
1.071489292738053045e+00,2.398845388057765433e+02
3.121489292738050203e+00,2.371215081216011527e+02
5.621489292738057308e+00,2.322744170559518864e+02
8.121489292738056420e+00,2.243630982556076390e+02
1.062148929273805642e+01,2.140079055652354327e+02
1.312148929273805642e+01,1.994191318226878309e+02
1.562148929273805642e+01,1.799244216423881255e+02
1.812148929273805820e+01,1.529302043524146484e+02
1.902148929273804967e+01,1.400496976523804449e+02
2.062148929273805820e+01,1.108781799281773743e+02
2.152148929273804967e+01,8.416930357091163728e+01
2.312148929273805820e+01,8.241803580549996866e+01
-1.000000000000000000e+03,-1.000000000000000000e+03
-2.829792527411021297e+01,0.000000000000000000e+00
-2.770792527408460160e+01,5.924359006935379313e+01
-2.750792527408459875e+01,8.076830278165517996e+01
-2.710792527408460018e+01,1.020035665994378036e+02
-2.635792527408460018e+01,1.185738879705387774e+02
-2.485792527408460018e+01,1.579054894917491652e+02
-2.395792527408460160e+01,1.742972740604511728e+02
-2.235792527408460018e+01,1.954631814908788954e+02
-2.145792527408460160e+01,2.073892183185067211e+02
-1.940792527408459733e+01,2.285898446169952365e+02
-1.690792527408459733e+01,2.478321746479457488e+02
-1.440792527408459733e+01,2.627500565046460110e+02
-1.190792527408459733e+01,2.744290549880399794e+02
-9.407925274084597334e+00,2.830291827291755453e+02
-6.907925274084598222e+00,2.897465733486134241e+02
-4.407925274084598222e+00,2.942238529133898624e+02
-2.357925274084600620e+00,2.954101083857441949e+02
-1.457925274084602041e+00,2.965963638580985275e+02
1.420747259154063746e-01,2.963188762902915983e+02
2.642074725915406486e+00,2.950501353484665401e+02
5.142074725915406042e+00,2.914338488427740117e+02
7.642074725915406042e+00,2.852061831042738618e+02
1.014207472591540693e+01,2.775035921672107975e+02
1.264207472591540693e+01,2.665457647348139858e+02
1.514207472591540693e+01,2.535793337828621645e+02
1.764207472591540693e+01,2.365280484613437864e+02
2.014207472591540693e+01,2.150838283153136956e+02
2.104207472591539840e+01,2.048141073001897041e+02
2.264207472591540693e+01,1.871757146004219123e+02
2.354207472591539840e+01,1.734248073791721652e+02
2.514207472591540693e+01,1.460292718178768894e+02
2.604207472591539840e+01,1.242267609898199083e+02
2.764207472591540693e+01,4.126220648870718577e+01
2.854207472591539840e+01,5.622143207179556867e+01
-1.000000000000000000e+03,-1.000000000000000000e+03
-2.916874024840438651e+01,0.000000000000000000e+00
-2.857874024837877514e+01,5.685423295759242990e+01
-2.837874024837877229e+01,8.219869828998976402e+01
-2.797874024837877371e+01,1.032328202779592630e+02
-2.722874024837877371e+01,1.199961151010334959e+02
-2.572874024837877371e+01,1.609259266729357307e+02
-2.482874024837877514e+01,1.769730961592473193e+02
-2.322874024837877371e+01,1.980676753151345224e+02
-2.232874024837877514e+01,2.097967337094475795e+02
-2.027874024837877087e+01,2.326243465185193884e+02
-1.777874024837877087e+01,2.518586215946417326e+02
-1.527874024837877087e+01,2.672046657204113558e+02
-1.277874024837877087e+01,2.796997461401259102e+02
-1.027874024837877087e+01,2.891252652010369957e+02
-7.778740248378770872e+00,2.961670196937743071e+02
-5.278740248378770872e+00,3.011513541016216209e+02
-3.228740248378773714e+00,3.024427108240492998e+02
-2.328740248378775135e+00,3.037340675464770356e+02
-7.287402483787668306e-01,3.041979627123621412e+02
1.712597516212246429e-01,3.046618578782472468e+02
1.771259751621233169e+00,3.038067077038170964e+02
4.271259751621233391e+00,3.008835779287728656e+02
6.771259751621233391e+00,2.957699668955926313e+02
9.271259751621233391e+00,2.881232331137974825e+02
1.177125975162123339e+01,2.792509614261317665e+02
1.427125975162123339e+01,2.674252107636121423e+02
1.677125975162123339e+01,2.515235533285052156e+02
1.927125975162123339e+01,2.324415940418044499e+02
2.177125975162123339e+01,2.084084143735540522e+02
2.427125975162123339e+01,1.750070520687685018e+02
2.517125975162122486e+01,1.586803482327616166e+02
2.677125975162123339e+01,1.213439318014051622e+02
2.767125975162122486e+01,8.881297127828109694e+01
2.927125975162123339e+01,8.148557706655846289e+01
3.017125975162122486e+01,8.539788658791289322e+01
-1.000000000000000000e+03,-1.000000000000000000e+03
-2.432373629257434189e+01,0.000000000000000000e+00
-2.373373629254873052e+01,5.270343719963405249e+01
-2.353373629254872768e+01,7.529290163456732898e+01
-2.313373629254872910e+01,9.482260577770716736e+01
-2.238373629254872910e+01,1.089939561330595978e+02
-2.088373629254872910e+01,1.448246942022724966e+02
-1.998373629254873052e+01,1.596502356767020103e+02
-1.838373629254872910e+01,1.771560657787059370e+02
-1.748373629254873052e+01,1.884714233789713944e+02
-1.543373629254872448e+01,2.079997658872419493e+02
-1.293373629254872448e+01,2.241540043256308365e+02
-1.043373629254872448e+01,2.362766809618279353e+02
-7.933736292548724478e+00,2.450793128606644302e+02
-5.433736292548724478e+00,2.510972447477157345e+02
-2.933736292548724478e+00,2.552610299738829838e+02
-4.337362925487247001e-01,2.566542324621662488e+02
1.616263707451272458e+00,2.560306487615487754e+02
4.116263707451279785e+00,2.526007192704111901e+02
6.616263707451279785e+00,2.468129220071150769e+02
9.116263707451279785e+00,2.384652485559783770e+02
1.161626370745127979e+01,2.273369498263044193e+02
1.411626370745127979e+01,2.125208269283607194e+02
1.661626370745127801e+01,1.932298627916945009e+02
1.911626370745127801e+01,1.667412610949180021e+02
2.001626370745126948e+01,1.542714925965269401e+02
2.161626370745127801e+01,1.276732953490797655e+02
2.251626370745126948e+01,1.059633935976652168e+02
2.411626370745127801e+01,2.027879301609797835e+01
-1.000000000000000000e+03,-1.000000000000000000e+03
-2.686071531507424837e+01,0.000000000000000000e+00
-2.627071531504863700e+01,5.705488658179081085e+01
-2.607071531504863415e+01,7.802691493236447684e+01
-2.567071531504863557e+01,9.880726968123289566e+01
-2.492071531504863557e+01,1.138302322309011316e+02
-2.342071531504863557e+01,1.533119926671083704e+02
-2.252071531504863700e+01,1.691272123773878775e+02
-2.092071531504863557e+01,1.890450520082262358e+02
-2.002071531504863700e+01,1.999125921326595687e+02
-1.797071531504863273e+01,2.212034912889746465e+02
-1.547071531504863096e+01,2.391834687671141353e+02
-1.297071531504863096e+01,2.528037094096897874e+02
-1.047071531504863096e+01,2.636345510561810102e+02
-7.970715315048630956e+00,2.714825285223454898e+02
-5.470715315048630956e+00,2.770610202666603072e+02
-2.970715315048630956e+00,2.803863855837416281e+02
-9.207153150486339088e-01,2.810026678191711085e+02
-2.071531504863532991e-02,2.816189500546005888e+02
1.579284684951373308e+00,2.805502910444835720e+02
4.079284684951373308e+00,2.776769758789029652e+02
6.579284684951373308e+00,2.725348420274775663e+02
9.079284684951373308e+00,2.652414043263181043e+02
1.157928468495137331e+01,2.550270777002584452e+02
1.407928468495137331e+01,2.419019341609896117e+02
1.657928468495137153e+01,2.252908868415581196e+02
1.907928468495137153e+01,2.034538148939096516e+02
2.157928468495137153e+01,1.744092693329019426e+02
2.247928468495136300e+01,1.599148348671966744e+02
2.407928468495137153e+01,1.304243564268880391e+02
2.497928468495136300e+01,1.050608767663728571e+02
2.657928468495137153e+01,3.219223608680354687e+01
-1.000000000000000000e+03,-1.000000000000000000e+03
-2.789537304114315575e+01,0.000000000000000000e+00
-2.730537304111754437e+01,5.598286573211526473e+01
-2.710537304111754153e+01,7.915490620987877435e+01
-2.670537304111754295e+01,1.014193873208372594e+02
-2.595537304111754295e+01,1.161317468958178125e+02
-2.445537304111754295e+01,1.573941764301251567e+02
-2.355537304111754437e+01,1.740020260148116904e+02
-2.195537304111754295e+01,1.939880377799892415e+02
-2.105537304111754437e+01,2.056547748599363956e+02
-1.900537304111754011e+01,2.268030754715623516e+02
-1.650537304111754011e+01,2.458678794342942240e+02
-1.400537304111754011e+01,2.603538787329444517e+02
-1.150537304111754011e+01,2.717769803318429354e+02
-9.005373041117540112e+00,2.802124933035184995e+02
-6.505373041117539223e+00,2.863162198419435072e+02
-4.005373041117539223e+00,2.903826182347589224e+02
-1.955373041117542288e+00,2.910439799239361491e+02
-1.055373041117543709e+00,2.917053416131134327e+02
5.446269588824648178e-01,2.918029688667396613e+02
1.444626958882456291e+00,2.919005961203659467e+02
3.044626958882465040e+00,2.897736758454452115e+02
5.544626958882465040e+00,2.859901731405200849e+02
8.044626958882464152e+00,2.793134109864746506e+02
1.054462695888246415e+01,2.704492289436535088e+02
1.304462695888246415e+01,2.590164837493360892e+02
1.554462695888246415e+01,2.444113890332145331e+02
1.804462695888246415e+01,2.259836135602865852e+02
2.054462695888246415e+01,2.022369242941296932e+02
2.304462695888246415e+01,1.702910266621038318e+02
2.394462695888245563e+01,1.540631319523573382e+02
2.554462695888246415e+01,1.188839256007572374e+02
2.644462695888245563e+01,8.745901736088232781e+01
2.804462695888246415e+01,5.546470150748933037e+01
-1.000000000000000000e+03,-1.000000000000000000e+03
-2.809696428360693687e+01,0.000000000000000000e+00
-2.750696428358132550e+01,5.589940982046956464e+01
-2.730696428358132266e+01,8.087172448304524153e+01
-2.690696428358132408e+01,1.014067665726078786e+02
-2.615696428358132408e+01,1.174137456344325727e+02
-2.465696428358132408e+01,1.577707868637705246e+02
-2.375696428358132550e+01,1.740231113242252263e+02
-2.215696428358132408e+01,1.947726452319398334e+02
-2.125696428358132550e+01,2.067063328638941186e+02
-1.920696428358132124e+01,2.286478153521815386e+02
-1.670696428358132124e+01,2.477724689931315822e+02
-1.420696428358131946e+01,2.619785113283303417e+02
-1.170696428358131946e+01,2.737834786634268198e+02
-9.206964283581319464e+00,2.827245901398638921e+02
-6.706964283581319464e+00,2.888533899730210806e+02
-4.206964283581319464e+00,2.928710190220800769e+02
-2.156964283581322750e+00,2.940363009521295226e+02
-1.256964283581324171e+00,2.952015828821790251e+02
3.430357164186843555e-01,2.952948782231107430e+02
1.243035716418675829e+00,2.953881735640424608e+02
2.843035716418684355e+00,2.939145711833001542e+02
5.343035716418684800e+00,2.892765958003167270e+02
7.843035716418684800e+00,2.833279724696163839e+02
1.034303571641868480e+01,2.754875799718997200e+02
1.284303571641868480e+01,2.646353965485130288e+02
1.534303571641868480e+01,2.509155508111610118e+02
1.784303571641868302e+01,2.336375883520918535e+02
2.034303571641868302e+01,2.113149050690383319e+02
2.284303571641868302e+01,1.822661877208513204e+02
2.374303571641867450e+01,1.685922935855968774e+02
2.534303571641868302e+01,1.390833732881355331e+02
2.624303571641867450e+01,1.147531517800115068e+02
2.784303571641868302e+01,6.234874072045847271e+01
2.874303571641867450e+01,3.319142735120738053e+01
-1.000000000000000000e+03,-1.000000000000000000e+03
-2.407846924127931487e+01,0.000000000000000000e+00
-2.348846924125370350e+01,5.429082027616092176e+01
-2.328846924125370066e+01,7.478792028259184121e+01
-2.288846924125370208e+01,9.334728825454001822e+01
-2.213846924125370208e+01,1.082453940293917469e+02
-2.063846924125370208e+01,1.431865274500233909e+02
-1.973846924125370350e+01,1.583245410995451437e+02
-1.813846924125370208e+01,1.764594432653566685e+02
-1.723846924125370350e+01,1.875321571116098767e+02
-1.518846924125369924e+01,2.068351284834089086e+02
-1.268846924125369924e+01,2.232308972945437802e+02
-1.018846924125369924e+01,2.351757917699540599e+02
-7.688469241253700126e+00,2.436969551831326442e+02
-5.188469241253700126e+00,2.497119762138563033e+02
-2.688469241253699682e+00,2.535601145349138790e+02
-1.884692412536997930e-01,2.548685753048215759e+02
1.861530758746297476e+00,2.538713559912682172e+02
4.361530758746304137e+00,2.502520440405200475e+02
6.861530758746304137e+00,2.444171125139535832e+02
9.361530758746305025e+00,2.357614422319606149e+02
1.186153075874630503e+01,2.242469087235414804e+02
1.436153075874630503e+01,2.094257817554473036e+02
1.686153075874630503e+01,1.897226813144609707e+02
1.936153075874630503e+01,1.622798932145462345e+02
2.026153075874629650e+01,1.491597921930592747e+02
2.186153075874630503e+01,1.209888186148698139e+02
2.276153075874629650e+01,9.711406215395967934e+01
2.436153075874630503e+01,6.354186278076668515e+01
2.526153075874629650e+01,5.408614199099986308e+01
-1.000000000000000000e+03,-1.000000000000000000e+03
-2.862327086801631992e+01,0.000000000000000000e+00
-2.803327086799070855e+01,6.005847792385308281e+01
-2.783327086799070571e+01,8.270109333940186502e+01
-2.743327086799070713e+01,1.038772340471863629e+02
-2.668327086799070713e+01,1.200562710804676527e+02
-2.518327086799070713e+01,1.591865620934147785e+02
-2.428327086799070855e+01,1.755939110633592861e+02
-2.268327086799070713e+01,1.964712937797900452e+02
-2.178327086799070855e+01,2.081235132574588818e+02
-1.973327086799070429e+01,2.303259909726423871e+02
-1.723327086799070429e+01,2.499904932854279593e+02
-1.473327086799070607e+01,2.648261003471862409e+02
-1.223327086799070607e+01,2.762887719787165111e+02
-9.733270867990706066e+00,2.852456755648262856e+02
-7.233270867990705177e+00,2.922881965528839032e+02
-4.733270867990705177e+00,2.968149553008005910e+02
-2.683270867990708020e+00,2.977860698194239149e+02
-1.783270867990709441e+00,2.987571843380472956e+02
-1.832708679907010252e-01,2.987851762652127263e+02
7.167291320092904483e-01,2.988131681923782139e+02
2.316729132009299086e+00,2.980568984800182761e+02
4.816729132009299086e+00,2.942995605450514631e+02
7.316729132009299086e+00,2.888772296423350667e+02
9.816729132009298198e+00,2.811895231902434489e+02
1.231672913200929820e+01,2.710074678854298895e+02
1.481672913200929820e+01,2.586158939899062830e+02
1.731672913200929997e+01,2.424760970709942285e+02
1.981672913200929997e+01,2.217566611185963836e+02
2.231672913200929997e+01,1.950512557555497040e+02
2.321672913200929145e+01,1.829597637298122947e+02
2.481672913200929997e+01,1.589040542143474966e+02
2.571672913200929145e+01,1.397525780034484626e+02
2.731672913200929997e+01,9.115069674099808594e+01
2.821672913200929145e+01,2.812223486092272040e+01
-1.000000000000000000e+03,-1.000000000000000000e+03
-2.851449963468146009e+01,0.000000000000000000e+00
-2.792449963465584872e+01,5.862923401652729893e+01
-2.772449963465584588e+01,8.254659378514971024e+01
-2.732449963465584730e+01,1.036566373733567588e+02
-2.657449963465584730e+01,1.190099657431934475e+02
-2.507449963465584730e+01,1.588905694909598481e+02
-2.417449963465584872e+01,1.750173025268798028e+02
-2.257449963465584730e+01,1.961868528842474859e+02
-2.167449963465584872e+01,2.075497275432762763e+02
-1.962449963465584446e+01,2.298050658074789965e+02
-1.712449963465584446e+01,2.489791687092292420e+02
-1.462449963465584268e+01,2.637582603606270482e+02
-1.212449963465584268e+01,2.754954995986104791e+02
-9.624499634655842684e+00,2.842487713042754081e+02
-7.124499634655843572e+00,2.908874949980387896e+02
-4.624499634655843572e+00,2.958640632145306313e+02
-2.574499634655845970e+00,2.969430468104114880e+02
-1.674499634655847391e+00,2.980220304062924015e+02
-7.449963465583897548e-02,2.982447213970241364e+02
8.255003653441524980e-01,2.984674123877559282e+02
2.425500365344161136e+00,2.966196143661518931e+02
4.925500365344160691e+00,2.935104909551049559e+02
7.425500365344160691e+00,2.876388060117482723e+02
9.925500365344161580e+00,2.797740852970307515e+02
1.242550036534416158e+01,2.693038807256328369e+02
1.492550036534416158e+01,2.562539785847628195e+02
1.742550036534415980e+01,2.398598621602870651e+02
1.992550036534415980e+01,2.188467654137132570e+02
2.242550036534415980e+01,1.910761744735570176e+02
2.332550036534415128e+01,1.775956722737770974e+02
2.492550036534415980e+01,1.510803792808200399e+02
2.582550036534415128e+01,1.305407165265881702e+02
2.742550036534415980e+01,7.049094735666008660e+01
2.832550036534415128e+01,3.619937598532236933e+01
-1.000000000000000000e+03,-1.000000000000000000e+03
-2.769359455105933776e+01,0.000000000000000000e+00
-2.710359455103372639e+01,5.887274826211980638e+01
-2.690359455103372355e+01,8.135879678865369158e+01
-2.650359455103372497e+01,1.023241989209485183e+02
-2.575359455103372497e+01,1.179676113567726219e+02
-2.425359455103372497e+01,1.562458530828395453e+02
-2.335359455103372639e+01,1.717510309641875494e+02
-2.175359455103372497e+01,1.923198693841677596e+02
-2.085359455103372639e+01,2.038814132723537682e+02
-1.880359455103372213e+01,2.255420655199846749e+02
-1.630359455103372213e+01,2.440521602077148202e+02
-1.380359455103372213e+01,2.583177950584178006e+02
-1.130359455103372213e+01,2.694956585192005036e+02
-8.803594551033722126e+00,2.779899950534368713e+02
-6.303594551033723015e+00,2.835690801971535961e+02
-3.803594551033723015e+00,2.877485932659058676e+02
-1.753594551033725635e+00,2.885793637707432140e+02
-8.535945510337270559e-01,2.894101342755805604e+02
7.464054489662814706e-01,2.894464289414717655e+02
1.646405448966272944e+00,2.894827236073629706e+02
3.246405448966281249e+00,2.868528007386410081e+02
5.746405448966281249e+00,2.825115601974887909e+02
8.246405448966282137e+00,2.759450008414638660e+02
1.074640544896628214e+01,2.670336202248023483e+02
1.324640544896628214e+01,2.557275290825537866e+02
1.574640544896628214e+01,2.408717641756651631e+02
1.824640544896628214e+01,2.221093701894120329e+02
2.074640544896628214e+01,1.980448300191226849e+02
2.324640544896628214e+01,1.648740416521390273e+02
2.414640544896627361e+01,1.485307242609557932e+02
2.574640544896628214e+01,1.108470663597942263e+02
2.664640544896627361e+01,7.187917454063986611e+01
2.824640544896628214e+01,3.849032109120344813e+01
-1.000000000000000000e+03,-1.000000000000000000e+03
-2.705526689297793297e+01,0.000000000000000000e+00
-2.646526689295232160e+01,5.724654169396426795e+01
-2.626526689295231876e+01,7.775355002265500559e+01
-2.586526689295232018e+01,9.886663273903195659e+01
-2.511526689295232018e+01,1.141263091435897508e+02
-2.361526689295232018e+01,1.538325855710946541e+02
-2.271526689295232160e+01,1.701503316128337531e+02
-2.111526689295232018e+01,1.896714998998959345e+02
-2.021526689295232160e+01,2.010689659776705582e+02
-1.816526689295231733e+01,2.225441891575978559e+02
-1.566526689295231733e+01,2.406411342569255964e+02
-1.316526689295231733e+01,2.545985963672484615e+02
-1.066526689295231733e+01,2.655361684619761604e+02
-8.165266892952317335e+00,2.737530333835351257e+02
-5.665266892952316446e+00,2.794036964144116837e+02
-3.165266892952316446e+00,2.829922230256473767e+02
-1.115266892952319511e+00,2.838132431287781401e+02
-2.152668929523209318e-01,2.846342632319089603e+02
1.384733107047687595e+00,2.835082654655749366e+02
3.884733107047687817e+00,2.808273378839202792e+02
6.384733107047687817e+00,2.759037303874108034e+02
8.884733107047686929e+00,2.690586004884594900e+02
1.138473310704768693e+01,2.593254347837773253e+02
1.388473310704768693e+01,2.466121368170387029e+02
1.638473310704768693e+01,2.307134985687789595e+02
1.888473310704768693e+01,2.103431660370904979e+02
2.138473310704768693e+01,1.833402746332901074e+02
2.228473310704767840e+01,1.703872122365557686e+02
2.388473310704768693e+01,1.447090571810787765e+02
2.478473310704767840e+01,1.231846922576790178e+02
2.638473310704768693e+01,3.627089795244874182e+01
-1.000000000000000000e+03,-1.000000000000000000e+03
-2.351885609999628812e+01,0.000000000000000000e+00
-2.292885609997067675e+01,5.164435583146745046e+01
-2.272885609997067391e+01,7.112875490803007494e+01
-2.232885609997067533e+01,9.219695283564156796e+01
-2.157885609997067533e+01,1.057628874990679009e+02
-2.007885609997067533e+01,1.409940987038212654e+02
-1.917885609997067675e+01,1.564477990685663826e+02
-1.757885609997067533e+01,1.738597806607208156e+02
-1.667885609997067675e+01,1.842079528437666625e+02
-1.462885609997067249e+01,2.034990067504854778e+02
-1.212885609997067249e+01,2.191829000487936980e+02
-9.628856099970672489e+00,2.302797632072954457e+02
-7.128856099970672489e+00,2.390265575588388458e+02
-4.628856099970672489e+00,2.442417664558983574e+02
-2.128856099970672489e+00,2.475361353557801465e+02
3.711439000293277335e-01,2.483431245695886389e+02
2.421143900029324669e+00,2.464622262171710645e+02
4.921143900029331775e+00,2.420619090424405329e+02
7.421143900029331775e+00,2.355120324235435305e+02
9.921143900029331775e+00,2.264945957725238372e+02
1.242114390002933177e+01,2.136440346895470555e+02
1.492114390002933177e+01,1.970473136658581268e+02
1.742114390002933177e+01,1.738388968437721473e+02
1.832114390002932325e+01,1.636498147539973615e+02
1.992114390002933177e+01,1.426280936046362058e+02
2.082114390002932325e+01,1.259984935420496726e+02
2.242114390002933177e+01,8.655633639805913049e+01
2.332114390002932325e+01,1.659432681668155141e+01
-1.000000000000000000e+03,-1.000000000000000000e+03
-2.992308525365876193e+01,0.000000000000000000e+00
-2.933308525363315056e+01,5.896236595617484255e+01
-2.913308525363314772e+01,8.337885096195175549e+01
-2.873308525363314914e+01,1.044878860618576653e+02
-2.798308525363314914e+01,1.206179316291697603e+02
-2.648308525363314914e+01,1.630205303512723276e+02
-2.558308525363315056e+01,1.799382041201433537e+02
-2.398308525363314914e+01,2.014975354236970304e+02
-2.308308525363315056e+01,2.139678266458776648e+02
-2.103308525363314629e+01,2.368354032961461542e+02
-1.853308525363314629e+01,2.564674276939759920e+02
-1.603308525363314629e+01,2.726893763223832252e+02
-1.353308525363314629e+01,2.849583249083049168e+02
-1.103308525363314629e+01,2.949314880694200269e+02
-8.533085253633146294e+00,3.023748923321325606e+02
-6.033085253633147182e+00,3.074881190063652525e+02
-3.983085253633150025e+00,3.093240606809552560e+02
-3.083085253633151446e+00,3.111600023555452594e+02
-1.483085253633142919e+00,3.116836420759191242e+02
-5.830852536331514457e-01,3.122072817962929889e+02
1.016914746366857081e+00,3.120903871187976506e+02
3.516914746366857081e+00,3.097740902725100227e+02
6.016914746366857081e+00,3.052707880557230169e+02
8.516914746366857969e+00,2.991210474605165359e+02
1.101691474636685797e+01,2.903337357366171432e+02
1.351691474636685797e+01,2.792755315315834537e+02
1.601691474636685797e+01,2.659802297377937066e+02
1.851691474636685797e+01,2.483035196307017429e+02
2.101691474636685797e+01,2.264881210231908426e+02
2.351691474636685797e+01,1.985375987764545584e+02
2.441691474636684944e+01,1.848514217602879057e+02
2.601691474636685797e+01,1.581557420705054824e+02
2.691691474636684944e+01,1.375814433485171548e+02
2.851691474636685797e+01,3.724149873587140291e+01
