-2.140606060607189676e+01,6.200776745635937459e+01,3.041381265034278497e-02
-2.015606060607189676e+01,1.161931998996618347e+02,3.041381265034278497e-02
-1.890606060607189676e+01,1.468110867129297787e+02,3.041381265034278497e-02
-1.560606060602533063e+01,1.959930825029312018e+02,6.020797289164121074e-02
-1.310606060602533063e+01,2.193497085627383854e+02,6.020797289164121074e-02
-1.060606060602533063e+01,2.370167789515672041e+02,6.020797289164121074e-02
-8.106060606025330628e+00,2.485904938737935481e+02,6.020797289164121074e-02
-5.606060606025330628e+00,2.561162635693896732e+02,6.020797289164121074e-02
-3.106060606025330628e+00,2.617754097206693586e+02,6.020797289164121074e-02
-6.060606060253306282e-01,2.642968721963616758e+02,6.020797289164121074e-02
1.893939393974669372e+00,2.630423259343260156e+02,6.020797289164121074e-02
4.393939393974669372e+00,2.602151862236997886e+02,6.020797289164121074e-02
6.893939393974669372e+00,2.549898972273148843e+02,6.020797289164121074e-02
9.393939393974669372e+00,2.447324272194914556e+02,6.020797289164121074e-02
1.189393939397466937e+01,2.310441688797405959e+02,6.020797289164121074e-02
1.439393939397466937e+01,2.140735103032068878e+02,6.020797289164121074e-02
1.689393939397466937e+01,1.910112514986340670e+02,6.020797289164121074e-02
1.939393939397466937e+01,1.565899688009598663e+02,6.020797289164121074e-02
2.189393939397466937e+01,9.243842594797082768e+01,6.020797289164121074e-02
2.439393939397466937e+01,4.451353586725333855e+01,6.020797289164121074e-02
-1.000000000000000000e+03,-1.000000000000000000e+03,-1.000000000000000000e+03
-1.876645145776372203e+01,5.857383684494490694e+01,3.041381265034278497e-02
-1.751645145776372203e+01,1.051590436516022748e+02,3.041381265034278497e-02
-1.626645145776372203e+01,1.334307704950912523e+02,3.041381265034278497e-02
-1.501645145776372203e+01,1.516905927686333655e+02,3.041381265034278497e-02
-1.296645145771715590e+01,1.809637116468549038e+02,6.020797289164121074e-02
-1.046645145771715590e+01,1.994892688215715566e+02,6.020797289164121074e-02
-7.966451457717155904e+00,2.144612711261757454e+02,6.020797289164121074e-02
-5.466451457717155904e+00,2.233445939011742780e+02,6.020797289164121074e-02
-2.966451457717155904e+00,2.295157947325895407e+02,6.020797289164121074e-02
-4.664514577171559040e-01,2.312902715964237359e+02,6.020797289164121074e-02
2.033548542282844096e+00,2.307689240556109098e+02,6.020797289164121074e-02
4.533548542282844096e+00,2.270235045034791597e+02,6.020797289164121074e-02
7.033548542282844096e+00,2.181344726777555820e+02,6.020797289164121074e-02
9.533548542282844096e+00,2.079752513810338996e+02,6.020797289164121074e-02
1.203354854228284410e+01,1.931337030470364766e+02,6.020797289164121074e-02
1.453354854228284410e+01,1.700482595052317265e+02,6.020797289164121074e-02
1.703354854228284410e+01,1.389323239641958594e+02,6.020797289164121074e-02
1.953354854228284410e+01,6.932216351750838612e+01,6.020797289164121074e-02
2.203354854228284410e+01,4.833073227326766386e+01,6.020797289164121074e-02
-1.000000000000000000e+03,-1.000000000000000000e+03,-1.000000000000000000e+03
-1.913588206048136442e+01,5.642077082874393312e+01,3.041381265034278497e-02
-1.788588206048136442e+01,1.112519140479336954e+02,3.041381265034278497e-02
-1.663588206048136442e+01,1.396323291217839255e+02,3.041381265034278497e-02
-1.538588206048136442e+01,1.549396418460987093e+02,3.041381265034278497e-02
-1.333588206043479829e+01,1.851200851019243601e+02,6.020797289164121074e-02
-1.083588206043479829e+01,2.063261926255886181e+02,6.020797289164121074e-02
-8.335882060434798291e+00,2.208509986571856984e+02,6.020797289164121074e-02
-5.835882060434798291e+00,2.274362017612593831e+02,6.020797289164121074e-02
-3.335882060434798291e+00,2.366540818095855911e+02,6.020797289164121074e-02
-8.358820604347982908e-01,2.406940727944069351e+02,6.020797289164121074e-02
1.664117939565201709e+00,2.394336136859661508e+02,6.020797289164121074e-02
4.164117939565201709e+00,2.349001637301433902e+02,6.020797289164121074e-02
6.664117939565201709e+00,2.297824653446347725e+02,6.020797289164121074e-02
9.164117939565201709e+00,2.206671059144667311e+02,6.020797289164121074e-02
1.166411793956520171e+01,2.069107162470837125e+02,6.020797289164121074e-02
1.416411793956520171e+01,1.886359189707036990e+02,6.020797289164121074e-02
1.666411793956520171e+01,1.634947523180137239e+02,6.020797289164121074e-02
1.916411793956520171e+01,1.215490636224291023e+02,6.020797289164121074e-02
2.166411793956520171e+01,2.397324262943164186e+01,6.020797289164121074e-02
-1.000000000000000000e+03,-1.000000000000000000e+03,-1.000000000000000000e+03
-1.921523358046089669e+01,5.983670751054863501e+01,3.041381265034278497e-02
-1.796523358046089669e+01,1.044889781045229995e+02,3.041381265034278497e-02
-1.671523358046089669e+01,1.335236710145709367e+02,3.041381265034278497e-02
-1.546523358046089669e+01,1.612993979765450945e+02,3.041381265034278497e-02
-1.341523358041433056e+01,1.846983014051908469e+02,6.020797289164121074e-02
-1.091523358041433056e+01,2.032980969569533727e+02,6.020797289164121074e-02
-8.415233580414330561e+00,2.206764068386415829e+02,6.020797289164121074e-02
-5.915233580414330561e+00,2.285555742893734816e+02,6.020797289164121074e-02
-3.415233580414330561e+00,2.356999639240978581e+02,6.020797289164121074e-02
-9.152335804143305609e-01,2.384834935718055249e+02,6.020797289164121074e-02
1.584766419585669439e+00,2.373542876613929025e+02,6.020797289164121074e-02
4.084766419585669439e+00,2.347909179128076858e+02,6.020797289164121074e-02
6.584766419585669439e+00,2.280555746586983332e+02,6.020797289164121074e-02
9.084766419585669439e+00,2.190791238585326823e+02,6.020797289164121074e-02
1.158476641958566944e+01,2.035968345698093458e+02,6.020797289164121074e-02
1.408476641958566944e+01,1.845526139761086597e+02,6.020797289164121074e-02
1.658476641958566944e+01,1.573234746634836938e+02,6.020797289164121074e-02
1.908476641958566944e+01,1.046294453953776724e+02,6.020797289164121074e-02
2.158476641958566944e+01,3.560009404517371934e+01,6.020797289164121074e-02
-1.000000000000000000e+03,-1.000000000000000000e+03,-1.000000000000000000e+03
-2.250370981558369721e+01,7.289257402339526948e+01,3.041381265034278497e-02
-2.125370981558369721e+01,1.230699388008156063e+02,3.041381265034278497e-02
-2.000370981558369721e+01,1.489045508119900205e+02,3.041381265034278497e-02
-1.875370981558369721e+01,1.710544099135833847e+02,3.041381265034278497e-02
-1.670370981553713108e+01,1.989748788566403164e+02,6.020797289164121074e-02
-1.420370981553713108e+01,2.249463714850469955e+02,6.020797289164121074e-02
-1.170370981553713108e+01,2.417979594434145838e+02,6.020797289164121074e-02
-9.203709815537131078e+00,2.555533975212266569e+02,6.020797289164121074e-02
-6.703709815537131078e+00,2.647021097633088971e+02,6.020797289164121074e-02
-4.203709815537131078e+00,2.691419784326637341e+02,6.020797289164121074e-02
-1.703709815537131078e+00,2.712674178735683768e+02,6.020797289164121074e-02
7.962901844628689219e-01,2.719057499815028223e+02,6.020797289164121074e-02
3.296290184462868922e+00,2.708186897523412995e+02,6.020797289164121074e-02
5.796290184462868922e+00,2.661014374724927052e+02,6.020797289164121074e-02
8.296290184462868922e+00,2.567483774175948383e+02,6.020797289164121074e-02
1.079629018446286892e+01,2.467814502354110289e+02,6.020797289164121074e-02
1.329629018446286892e+01,2.311650377896846749e+02,6.020797289164121074e-02
1.579629018446286892e+01,2.109879436996498612e+02,6.020797289164121074e-02
1.829629018446286892e+01,1.865511096013329961e+02,6.020797289164121074e-02
2.079629018446286892e+01,1.442234066608775152e+02,6.020797289164121074e-02
2.329629018446286892e+01,5.195648504487301977e+01,6.020797289164121074e-02
2.579629018446286892e+01,4.842733846816578591e+01,6.020797289164121074e-02
-1.000000000000000000e+03,-1.000000000000000000e+03,-1.000000000000000000e+03
-1.941670195313399461e+01,6.208705176363664435e+01,3.041381265034278497e-02
-1.816670195313399461e+01,1.107761519559053056e+02,3.041381265034278497e-02
-1.691670195313399461e+01,1.380812233527631179e+02,3.041381265034278497e-02
-1.566670195313399461e+01,1.622684270192763734e+02,3.041381265034278497e-02
-1.361670195308742848e+01,1.889777394097959871e+02,6.020797289164121074e-02
-1.111670195308742848e+01,2.042773434109948880e+02,6.020797289164121074e-02
-8.616701953087428478e+00,2.251761926211372611e+02,6.020797289164121074e-02
-6.116701953087428478e+00,2.307939492035325202e+02,6.020797289164121074e-02
-3.616701953087428478e+00,2.428516560896529199e+02,6.020797289164121074e-02
-1.116701953087428478e+00,2.428516560896529199e+02,6.020797289164121074e-02
1.383298046912571522e+00,2.428516560896529199e+02,6.020797289164121074e-02
3.883298046912571522e+00,2.428516560896529199e+02,6.020797289164121074e-02
6.383298046912571522e+00,2.274959820444762784e+02,6.020797289164121074e-02
8.883298046912571522e+00,2.200404187985826070e+02,6.020797289164121074e-02
1.138329804691257152e+01,2.082715664662641757e+02,6.020797289164121074e-02
1.388329804691257152e+01,1.896466170283772499e+02,6.020797289164121074e-02
1.638329804691257152e+01,1.673514580193257757e+02,6.020797289164121074e-02
1.888329804691257152e+01,1.306325528291570208e+02,6.020797289164121074e-02
-1.000000000000000000e+03,-1.000000000000000000e+03,-1.000000000000000000e+03
-1.375114172008768776e+01,4.732618070387400167e+01,3.041381265034278497e-02
-1.250114172008768776e+01,9.252782519710925158e+01,3.041381265034278497e-02
-1.125114172008768776e+01,1.295324696368268178e+02,3.041381265034278497e-02
-7.951141720041121630e+00,1.546365904611232054e+02,6.020797289164121074e-02
-5.451141720041121630e+00,1.680079477739089668e+02,6.020797289164121074e-02
-2.951141720041121630e+00,1.782517904893021239e+02,6.020797289164121074e-02
-4.511417200411216299e-01,1.859001841412123781e+02,6.020797289164121074e-02
2.048858279958878370e+00,1.831475423803555884e+02,6.020797289164121074e-02
4.548858279958878370e+00,1.795611905852169912e+02,6.020797289164121074e-02
7.048858279958878370e+00,1.698308577390929486e+02,6.020797289164121074e-02
9.548858279958878370e+00,1.572546463876934411e+02,6.020797289164121074e-02
1.204885827995887837e+01,1.377724326462949875e+02,6.020797289164121074e-02
1.454885827995887837e+01,1.023433160824179708e+02,6.020797289164121074e-02
1.704885827995887837e+01,2.087354514385484805e+01,6.020797289164121074e-02
-1.000000000000000000e+03,-1.000000000000000000e+03,-1.000000000000000000e+03
-2.007472329334999017e+01,6.067313747708568883e+01,3.041381265034278497e-02
-1.882472329334999017e+01,1.087520083025477220e+02,3.041381265034278497e-02
-1.757472329334999017e+01,1.390826819563727383e+02,3.041381265034278497e-02
-1.632472329334999017e+01,1.634364813903488312e+02,3.041381265034278497e-02
-1.427472329330342404e+01,1.903265554955787593e+02,6.020797289164121074e-02
-1.177472329330342404e+01,2.098540260092742642e+02,6.020797289164121074e-02
-9.274723293303424043e+00,2.260623192359092286e+02,6.020797289164121074e-02
-6.774723293303424043e+00,2.372678042103584630e+02,6.020797289164121074e-02
-4.274723293303424043e+00,2.444666241960580351e+02,6.020797289164121074e-02
-1.774723293303424043e+00,2.482082432741962634e+02,6.020797289164121074e-02
7.252767066965759568e-01,2.495893571838691400e+02,6.020797289164121074e-02
3.225276706696575957e+00,2.464045930874976307e+02,6.020797289164121074e-02
5.725276706696575957e+00,2.422704155144575680e+02,6.020797289164121074e-02
8.225276706696575957e+00,2.329545939527742462e+02,6.020797289164121074e-02
1.072527670669657596e+01,2.221851980368629711e+02,6.020797289164121074e-02
1.322527670669657596e+01,2.059236457424899811e+02,6.020797289164121074e-02
1.572527670669657596e+01,1.849038903496985427e+02,6.020797289164121074e-02
1.822527670669657596e+01,1.527528982000968085e+02,6.020797289164121074e-02
2.072527670669657596e+01,9.332964773393391056e+01,6.020797289164121074e-02
2.322527670669657596e+01,4.337745834216583063e+01,6.020797289164121074e-02
-1.000000000000000000e+03,-1.000000000000000000e+03,-1.000000000000000000e+03
-1.831196004975485181e+01,6.493038215288990500e+01,3.041381265034278497e-02
-1.706196004975485181e+01,1.074700832451031260e+02,3.041381265034278497e-02
-1.581196004975485181e+01,1.324703472919179035e+02,3.041381265034278497e-02
-1.456196004975485181e+01,1.620787708662272166e+02,3.041381265034278497e-02
-1.251196004970828568e+01,1.829479492366231455e+02,6.020797289164121074e-02
-1.001196004970828568e+01,2.008783722328260239e+02,6.020797289164121074e-02
-7.511960049708285680e+00,2.160009877833464031e+02,6.020797289164121074e-02
-5.011960049708285680e+00,2.238342635716026905e+02,6.020797289164121074e-02
-2.511960049708285680e+00,2.294867235441374760e+02,6.020797289164121074e-02
-1.196004970828568048e-02,2.333537332818442565e+02,6.020797289164121074e-02
2.488039950291714320e+00,2.310028204206075770e+02,6.020797289164121074e-02
4.988039950291714320e+00,2.268246415577092989e+02,6.020797289164121074e-02
7.488039950291714320e+00,2.193120466072849695e+02,6.020797289164121074e-02
9.988039950291714320e+00,2.072831709819376158e+02,6.020797289164121074e-02
1.248803995029171432e+01,1.929932620550885929e+02,6.020797289164121074e-02
1.498803995029171432e+01,1.689258020467630388e+02,6.020797289164121074e-02
1.748803995029171432e+01,1.366596979210209781e+02,6.020797289164121074e-02
1.998803995029171432e+01,6.106172021654519710e+01,6.020797289164121074e-02
2.248803995029171432e+01,4.634093700914009162e+01,6.020797289164121074e-02
-1.000000000000000000e+03,-1.000000000000000000e+03,-1.000000000000000000e+03
-2.103976374328095744e+01,6.328834346432628166e+01,3.041381265034278497e-02
-1.978976374328095744e+01,1.140780372770746567e+02,3.041381265034278497e-02
-1.853976374328095744e+01,1.445845080516505163e+02,3.041381265034278497e-02
-1.728976374328095744e+01,1.738551252484862175e+02,3.041381265034278497e-02
-1.523976374323439131e+01,1.958870229752635339e+02,6.020797289164121074e-02
-1.273976374323439131e+01,2.184915584323253483e+02,6.020797289164121074e-02
-1.023976374323439131e+01,2.362702395543189766e+02,6.020797289164121074e-02
-7.739763743234391313e+00,2.471685327257595191e+02,6.020797289164121074e-02
-5.239763743234391313e+00,2.538234400062233362e+02,6.020797289164121074e-02
-2.739763743234391313e+00,2.605618575933169723e+02,6.020797289164121074e-02
-2.397637432343913133e-01,2.647363504321817800e+02,6.020797289164121074e-02
2.260236256765608687e+00,2.627548840672855022e+02,6.020797289164121074e-02
4.760236256765608687e+00,2.596459597873464986e+02,6.020797289164121074e-02
7.260236256765608687e+00,2.531380956916567584e+02,6.020797289164121074e-02
9.760236256765608687e+00,2.440656970009524684e+02,6.020797289164121074e-02
1.226023625676560869e+01,2.301771379472020271e+02,6.020797289164121074e-02
1.476023625676560869e+01,2.118860645426238989e+02,6.020797289164121074e-02
1.726023625676560869e+01,1.905835609070528847e+02,6.020797289164121074e-02
1.976023625676560869e+01,1.581395461762695618e+02,6.020797289164121074e-02
2.226023625676560869e+01,9.556046720836276620e+01,6.020797289164121074e-02
2.476023625676560869e+01,4.221309304223807146e+01,6.020797289164121074e-02
-1.000000000000000000e+03,-1.000000000000000000e+03,-1.000000000000000000e+03
-2.137160939979880681e+01,5.763969762301577759e+01,3.041381265034278497e-02
-2.012160939979880681e+01,1.131318091698231854e+02,3.041381265034278497e-02
-1.887160939979880681e+01,1.468021555408844279e+02,3.041381265034278497e-02
-1.762160939979880681e+01,1.665477250179116595e+02,3.041381265034278497e-02
-1.557160939975224068e+01,1.958219336631869965e+02,6.020797289164121074e-02
-1.307160939975224068e+01,2.185864127662498788e+02,6.020797289164121074e-02
-1.057160939975224068e+01,2.344256830187160290e+02,6.020797289164121074e-02
-8.071609399752240677e+00,2.471603089026205282e+02,6.020797289164121074e-02
-5.571609399752240677e+00,2.544999268238693162e+02,6.020797289164121074e-02
-3.071609399752240677e+00,2.610995686051827533e+02,6.020797289164121074e-02
-5.716093997522406767e-01,2.634329575850833862e+02,6.020797289164121074e-02
1.928390600247759323e+00,2.631606999056570544e+02,6.020797289164121074e-02
4.428390600247759323e+00,2.585535372331304984e+02,6.020797289164121074e-02
6.928390600247759323e+00,2.531911362030459713e+02,6.020797289164121074e-02
9.428390600247759323e+00,2.424062018690290188e+02,6.020797289164121074e-02
1.192839060024775932e+01,2.323040272514974731e+02,6.020797289164121074e-02
1.442839060024775932e+01,2.119491692999516772e+02,6.020797289164121074e-02
1.692839060024775932e+01,1.900608914068002093e+02,6.020797289164121074e-02
1.942839060024775932e+01,1.591021969001244258e+02,6.020797289164121074e-02
2.192839060024775932e+01,9.496452923586758743e+01,6.020797289164121074e-02
2.442839060024775932e+01,4.185557621061201417e+01,6.020797289164121074e-02
-1.000000000000000000e+03,-1.000000000000000000e+03,-1.000000000000000000e+03
-1.489204321967518752e+01,4.921023955448674769e+01,3.041381265034278497e-02
-1.364204321967518752e+01,9.420431729475237148e+01,3.041381265034278497e-02
-1.239204321967518752e+01,1.147750057722489316e+02,3.041381265034278497e-02
-1.114204321967518752e+01,1.401815412192477197e+02,3.041381265034278497e-02
-9.092043219628621387e+00,1.562072985548085171e+02,6.020797289164121074e-02
-6.592043219628621387e+00,1.732585163958883072e+02,6.020797289164121074e-02
-4.092043219628621387e+00,1.827208446410258489e+02,6.020797289164121074e-02
-1.592043219628621387e+00,1.892200541561118143e+02,6.020797289164121074e-02
9.079567803713786134e-01,1.888902297926351821e+02,6.020797289164121074e-02
3.407956780371378613e+00,1.857734019380957307e+02,6.020797289164121074e-02
5.907956780371378613e+00,1.791610082673426234e+02,6.020797289164121074e-02
8.407956780371378613e+00,1.675436047696099706e+02,6.020797289164121074e-02
1.090795678037137861e+01,1.510477934170048684e+02,6.020797289164121074e-02
1.340795678037137861e+01,1.204689528908705540e+02,6.020797289164121074e-02
1.590795678037137861e+01,6.854073519606325249e+01,6.020797289164121074e-02
1.840795678037137861e+01,3.707411152333670401e+01,6.020797289164121074e-02
-1.000000000000000000e+03,-1.000000000000000000e+03,-1.000000000000000000e+03
-1.693853431571515955e+01,5.793048721377902410e+01,3.041381265034278497e-02
-1.568853431571515955e+01,9.986932085771528023e+01,3.041381265034278497e-02
-1.443853431571515955e+01,1.288288838641239522e+02,3.041381265034278497e-02
-1.318853431571515955e+01,1.455438648266318182e+02,3.041381265034278497e-02
-1.113853431566859342e+01,1.685216341748813988e+02,6.020797289164121074e-02
-8.638534315668593422e+00,1.838895098748985220e+02,6.020797289164121074e-02
-6.138534315668593422e+00,1.962852891045084789e+02,6.020797289164121074e-02
-3.638534315668593422e+00,2.037211085632471850e+02,6.020797289164121074e-02
-1.138534315668593422e+00,2.065627738242275768e+02,6.020797289164121074e-02
1.361465684331406578e+00,2.062194959401383585e+02,6.020797289164121074e-02
3.861465684331406578e+00,2.028703288067173389e+02,6.020797289164121074e-02
6.361465684331406578e+00,1.958034585301213610e+02,6.020797289164121074e-02
8.861465684331406578e+00,1.843023846533562278e+02,6.020797289164121074e-02
1.136146568433140658e+01,1.661224414000533898e+02,6.020797289164121074e-02
1.386146568433140658e+01,1.399913270690918807e+02,6.020797289164121074e-02
1.636146568433140658e+01,9.377402305156314810e+01,6.020797289164121074e-02
1.886146568433140658e+01,3.323175484800194823e+01,6.020797289164121074e-02
-1.000000000000000000e+03,-1.000000000000000000e+03,-1.000000000000000000e+03
-1.903156417136852241e+01,6.422469876156131363e+01,3.041381265034278497e-02
-1.778156417136852241e+01,1.059595369369834401e+02,3.041381265034278497e-02
-1.653156417136852241e+01,1.296746852843851059e+02,3.041381265034278497e-02
-1.528156417136852241e+01,1.597521747124240505e+02,3.041381265034278497e-02
-1.323156417132195628e+01,1.804382470423374230e+02,6.020797289164121074e-02
-1.073156417132195628e+01,2.014736172423962159e+02,6.020797289164121074e-02
-8.231564171321956280e+00,2.155126091664241130e+02,6.020797289164121074e-02
-5.731564171321956280e+00,2.246061916440552295e+02,6.020797289164121074e-02
-3.231564171321956280e+00,2.307710419306883978e+02,6.020797289164121074e-02
-7.315641713219562803e-01,2.334767096520810981e+02,6.020797289164121074e-02
1.768435828678043720e+00,2.328777143336395170e+02,6.020797289164121074e-02
4.268435828678043720e+00,2.288454719543552187e+02,6.020797289164121074e-02
6.768435828678043720e+00,2.221588091023426728e+02,6.020797289164121074e-02
9.268435828678043720e+00,2.118627487850979492e+02,6.020797289164121074e-02
1.176843582867804372e+01,1.968546329637097188e+02,6.020797289164121074e-02
1.426843582867804372e+01,1.771633104348248935e+02,6.020797289164121074e-02
1.676843582867804372e+01,1.473853619111933710e+02,6.020797289164121074e-02
1.926843582867804372e+01,9.246095786547131468e+01,6.020797289164121074e-02
-1.000000000000000000e+03,-1.000000000000000000e+03,-1.000000000000000000e+03
-1.832815111613335546e+01,6.013505975331322873e+01,3.041381265034278497e-02
-1.707815111613335546e+01,1.068423928682987309e+02,3.041381265034278497e-02
-1.582815111613335546e+01,1.323706112501905636e+02,3.041381265034278497e-02
-1.457815111613335546e+01,1.529308009864833195e+02,3.041381265034278497e-02
-1.252815111608678933e+01,1.808439210519564710e+02,6.020797289164121074e-02
-1.002815111608678933e+01,1.981902390948052357e+02,6.020797289164121074e-02
-7.528151116086789330e+00,2.139416846587895407e+02,6.020797289164121074e-02
-5.028151116086789330e+00,2.218580379472891195e+02,6.020797289164121074e-02
-2.528151116086789330e+00,2.264675222004302100e+02,6.020797289164121074e-02
-2.815111608678932953e-02,2.312824549406420260e+02,6.020797289164121074e-02
2.471848883913210670e+00,2.288671847596820328e+02,6.020797289164121074e-02
4.971848883913210670e+00,2.254419174695154595e+02,6.020797289164121074e-02
7.471848883913210670e+00,2.180027886175648462e+02,6.020797289164121074e-02
9.971848883913210670e+00,2.047767874071372489e+02,6.020797289164121074e-02
1.247184888391321067e+01,1.883571621166617263e+02,6.020797289164121074e-02
1.497184888391321067e+01,1.663754810864128331e+02,6.020797289164121074e-02
1.747184888391321067e+01,1.342544766776458403e+02,6.020797289164121074e-02
1.997184888391321067e+01,5.985413611905326547e+01,6.020797289164121074e-02
2.247184888391321067e+01,5.289140903845958519e+01,6.020797289164121074e-02
-1.000000000000000000e+03,-1.000000000000000000e+03,-1.000000000000000000e+03
-2.011141290063686426e+01,5.674828274310728204e+01,3.041381265034278497e-02
-1.886141290063686426e+01,1.138299921024335646e+02,3.041381265034278497e-02
-1.761141290063686426e+01,1.385769339251141901e+02,3.041381265034278497e-02
-1.636141290063686426e+01,1.612459441781875569e+02,3.041381265034278497e-02
-1.431141290059029814e+01,1.892897685195409281e+02,6.020797289164121074e-02
-1.181141290059029814e+01,2.090660459437481791e+02,6.020797289164121074e-02
-9.311412900590298136e+00,2.270634653877010862e+02,6.020797289164121074e-02
-6.811412900590298136e+00,2.360821079563024796e+02,6.020797289164121074e-02
-4.311412900590298136e+00,2.437892836022067797e+02,6.020797289164121074e-02
-1.811412900590298136e+00,2.485128226624760259e+02,6.020797289164121074e-02
6.885870994097018638e-01,2.469814057314647187e+02,6.020797289164121074e-02
3.188587099409701864e+00,2.459359498688662029e+02,6.020797289164121074e-02
5.688587099409701864e+00,2.419276220104453614e+02,6.020797289164121074e-02
8.188587099409701864e+00,2.327708138770134099e+02,6.020797289164121074e-02
1.068858709940970186e+01,2.219969250037970312e+02,6.020797289164121074e-02
1.318858709940970186e+01,2.054051632000941652e+02,6.020797289164121074e-02
1.568858709940970186e+01,1.829270926403938518e+02,6.020797289164121074e-02
1.818858709940970186e+01,1.549432854703157432e+02,6.020797289164121074e-02
2.068858709940970186e+01,9.819080621399976394e+01,6.020797289164121074e-02
-1.000000000000000000e+03,-1.000000000000000000e+03,-1.000000000000000000e+03
-2.331851642863614416e+01,6.465164402584338177e+01,3.041381265034278497e-02
-2.206851642863614416e+01,1.173876654897206890e+02,3.041381265034278497e-02
-2.081851642863614416e+01,1.515243759537766266e+02,3.041381265034278497e-02
-1.956851642863614416e+01,1.780901441939703886e+02,3.041381265034278497e-02
-1.751851642858957803e+01,2.044421110927663676e+02,6.020797289164121074e-02
-1.501851642858957803e+01,2.289500583426025457e+02,6.020797289164121074e-02
-1.251851642858957803e+01,2.463427924664551938e+02,6.020797289164121074e-02
-1.001851642858957803e+01,2.608331511716327213e+02,6.020797289164121074e-02
-7.518516428589578027e+00,2.702793675274666612e+02,6.020797289164121074e-02
-5.018516428589578027e+00,2.773770061601558155e+02,6.020797289164121074e-02
-2.518516428589578027e+00,2.792917166053509845e+02,6.020797289164121074e-02
-1.851642858957802673e-02,2.800196062298632000e+02,6.020797289164121074e-02
2.481483571410421973e+00,2.794794430576422997e+02,6.020797289164121074e-02
4.981483571410421973e+00,2.758379604602884569e+02,6.020797289164121074e-02
7.481483571410421973e+00,2.682657190222899999e+02,6.020797289164121074e-02
9.981483571410421973e+00,2.590338719255737487e+02,6.020797289164121074e-02
1.248148357141042197e+01,2.468867610423603196e+02,6.020797289164121074e-02
1.498148357141042197e+01,2.285926989061449888e+02,6.020797289164121074e-02
1.748148357141042197e+01,2.058429883168396657e+02,6.020797289164121074e-02
1.998148357141042197e+01,1.754446631139521742e+02,6.020797289164121074e-02
2.248148357141042197e+01,1.258946750661671672e+02,6.020797289164121074e-02
2.498148357141042197e+01,3.376298488420224686e+01,6.020797289164121074e-02
-1.000000000000000000e+03,-1.000000000000000000e+03,-1.000000000000000000e+03
-1.762002609030781031e+01,6.016331943179704211e+01,3.041381265034278497e-02
-1.637002609030781031e+01,9.627837414262677385e+01,3.041381265034278497e-02
-1.512002609030781031e+01,1.287460736598054041e+02,3.041381265034278497e-02
-1.387002609030781031e+01,1.515480949679158869e+02,3.041381265034278497e-02
-1.182002609026124418e+01,1.736540830957123092e+02,6.020797289164121074e-02
-9.320026090261244178e+00,1.906128470414294895e+02,6.020797289164121074e-02
-6.820026090261244178e+00,2.031424003948238521e+02,6.020797289164121074e-02
-4.320026090261244178e+00,2.098872441168126670e+02,6.020797289164121074e-02
-1.820026090261244178e+00,2.146009780529101647e+02,6.020797289164121074e-02
6.799739097387558218e-01,2.164983774756656203e+02,6.020797289164121074e-02
3.179973909738755822e+00,2.129095566186624069e+02,6.020797289164121074e-02
5.679973909738755822e+00,2.073994167889958931e+02,6.020797289164121074e-02
8.179973909738755822e+00,1.987419170221431841e+02,6.020797289164121074e-02
1.067997390973875582e+01,1.848220861840514431e+02,6.020797289164121074e-02
1.317997390973875582e+01,1.655678920177944917e+02,6.020797289164121074e-02
1.567997390973875582e+01,1.325147555114098736e+02,6.020797289164121074e-02
1.817997390973875582e+01,6.106631086919311713e+01,6.020797289164121074e-02
-1.000000000000000000e+03,-1.000000000000000000e+03,-1.000000000000000000e+03
-2.088173539933669787e+01,6.007152330647834049e+01,3.041381265034278497e-02
-1.963173539933669787e+01,1.105216619266427927e+02,3.041381265034278497e-02
-1.838173539933669787e+01,1.350466629149140374e+02,3.041381265034278497e-02
-1.713173539933669787e+01,1.672704552278043479e+02,3.041381265034278497e-02
-1.508173539929013174e+01,1.933819535819580722e+02,6.020797289164121074e-02
-1.258173539929013174e+01,2.111635345612519927e+02,6.020797289164121074e-02
-1.008173539929013174e+01,2.296189325622271440e+02,6.020797289164121074e-02
-7.581735399290131738e+00,2.410132520148209210e+02,6.020797289164121074e-02
-5.081735399290131738e+00,2.463228731802359448e+02,6.020797289164121074e-02
-2.581735399290131738e+00,2.504756012573861881e+02,6.020797289164121074e-02
-8.173539929013173833e-02,2.518862438783989148e+02,6.020797289164121074e-02
2.418264600709868262e+00,2.514518608091215128e+02,6.020797289164121074e-02
4.918264600709868262e+00,2.462584611560941994e+02,6.020797289164121074e-02
7.418264600709868262e+00,2.405151486924709161e+02,6.020797289164121074e-02
9.918264600709868262e+00,2.262374971011141156e+02,6.020797289164121074e-02
1.241826460070986826e+01,2.129931970161392769e+02,6.020797289164121074e-02
1.491826460070986826e+01,1.947073674746943084e+02,6.020797289164121074e-02
1.741826460070986826e+01,1.622863774998986912e+02,6.020797289164121074e-02
1.991826460070986826e+01,1.128801205500467830e+02,6.020797289164121074e-02
2.241826460070986826e+01,2.534054724385260826e+01,6.020797289164121074e-02
-1.000000000000000000e+03,-1.000000000000000000e+03,-1.000000000000000000e+03
-1.550109623071580955e+01,5.396771252484781201e+01,3.041381265034278497e-02
-1.425109623071580955e+01,9.878837960892786896e+01,3.041381265034278497e-02
-1.300109623071580955e+01,1.223827999951301706e+02,3.041381265034278497e-02
-1.175109623071580955e+01,1.411968840127553335e+02,3.041381265034278497e-02
-9.701096230669243425e+00,1.625432867535120636e+02,6.020797289164121074e-02
-7.201096230669243425e+00,1.807862897776555826e+02,6.020797289164121074e-02
-4.701096230669243425e+00,1.908810457321615672e+02,6.020797289164121074e-02
-2.201096230669243425e+00,1.971175354443849983e+02,6.020797289164121074e-02
2.989037693307565746e-01,1.998128134948867682e+02,6.020797289164121074e-02
2.798903769330756575e+00,1.975834473369646673e+02,6.020797289164121074e-02
5.298903769330756575e+00,1.903333219401850442e+02,6.020797289164121074e-02
7.798903769330756575e+00,1.831362500271013118e+02,6.020797289164121074e-02
1.029890376933075657e+01,1.668117278551626725e+02,6.020797289164121074e-02
1.279890376933075657e+01,1.479183362979744345e+02,6.020797289164121074e-02
1.529890376933075657e+01,1.093144096799597094e+02,6.020797289164121074e-02
-1.000000000000000000e+03,-1.000000000000000000e+03,-1.000000000000000000e+03
-1.929701698372940655e+01,6.339362380330965152e+01,3.041381265034278497e-02
-1.804701698372940655e+01,1.060553540960928842e+02,3.041381265034278497e-02
-1.679701698372940655e+01,1.380350089174275467e+02,3.041381265034278497e-02
-1.554701698372940655e+01,1.605831281434230675e+02,3.041381265034278497e-02
-1.349701698368284042e+01,1.857736879697809229e+02,6.020797289164121074e-02
-1.099701698368284042e+01,2.048016266749644103e+02,6.020797289164121074e-02
-8.497016983682840419e+00,2.201066427566600510e+02,6.020797289164121074e-02
-5.997016983682840419e+00,2.303415818431959963e+02,6.020797289164121074e-02
-3.497016983682840419e+00,2.375251146130579798e+02,6.020797289164121074e-02
-9.970169836828404186e-01,2.392022348998484631e+02,6.020797289164121074e-02
1.502983016317159581e+00,2.388170178332278795e+02,6.020797289164121074e-02
4.002983016317159581e+00,2.374072157305830615e+02,6.020797289164121074e-02
6.502983016317159581e+00,2.300672900671050343e+02,6.020797289164121074e-02
9.002983016317159581e+00,2.189043193324673666e+02,6.020797289164121074e-02
1.150298301631715958e+01,2.050190222440272123e+02,6.020797289164121074e-02
1.400298301631715958e+01,1.881443281024820635e+02,6.020797289164121074e-02
1.650298301631715958e+01,1.596120894325852078e+02,6.020797289164121074e-02
1.900298301631715958e+01,1.182439512516636739e+02,6.020797289164121074e-02
2.150298301631715958e+01,2.933638172765082430e+01,6.020797289164121074e-02
-1.000000000000000000e+03,-1.000000000000000000e+03,-1.000000000000000000e+03
-1.998067423549267119e+01,5.860168237183597739e+01,3.041381265034278497e-02
-1.873067423549267119e+01,1.114560158607862093e+02,3.041381265034278497e-02
-1.748067423549267119e+01,1.360045549835046188e+02,3.041381265034278497e-02
-1.623067423549267119e+01,1.672376204937662010e+02,3.041381265034278497e-02
-1.418067423544610506e+01,1.881432755710899585e+02,6.020797289164121074e-02
-1.168067423544610506e+01,2.082522301503942685e+02,6.020797289164121074e-02
-9.180674235446105058e+00,2.240108833702799984e+02,6.020797289164121074e-02
-6.680674235446105058e+00,2.357867177390695019e+02,6.020797289164121074e-02
-4.180674235446105058e+00,2.424749785399996824e+02,6.020797289164121074e-02
-1.680674235446105058e+00,2.470345738714249819e+02,6.020797289164121074e-02
8.193257645538949419e-01,2.469527174954607744e+02,6.020797289164121074e-02
3.319325764553894942e+00,2.452211653949945287e+02,6.020797289164121074e-02
5.819325764553894942e+00,2.388425211102736228e+02,6.020797289164121074e-02
8.319325764553894942e+00,2.313244150239027022e+02,6.020797289164121074e-02
1.081932576455389494e+01,2.174364086313968869e+02,6.020797289164121074e-02
1.331932576455389494e+01,2.032390350675973139e+02,6.020797289164121074e-02
1.581932576455389494e+01,1.803954428411963704e+02,6.020797289164121074e-02
1.831932576455389494e+01,1.468510940771151354e+02,6.020797289164121074e-02
2.081932576455389494e+01,7.895813902011448704e+01,6.020797289164121074e-02
2.331932576455389494e+01,3.508717392396107471e+01,6.020797289164121074e-02
-1.000000000000000000e+03,-1.000000000000000000e+03,-1.000000000000000000e+03
-1.856353229979316666e+01,4.962662434115924270e+01,3.041381265034278497e-02
-1.731353229979316666e+01,1.059788306393284358e+02,3.041381265034278497e-02
-1.606353229979316666e+01,1.315827042219745522e+02,3.041381265034278497e-02
-1.481353229979316666e+01,1.529098723320993827e+02,3.041381265034278497e-02
-1.276353229974660053e+01,1.785376812737324599e+02,6.020797289164121074e-02
-1.026353229974660053e+01,1.984984586797730231e+02,6.020797289164121074e-02
-7.763532299746600529e+00,2.113697857047680486e+02,6.020797289164121074e-02
-5.263532299746600529e+00,2.198673096491966135e+02,6.020797289164121074e-02
-2.763532299746600529e+00,2.255535370768099312e+02,6.020797289164121074e-02
-2.635322997466005290e-01,2.280312034810523869e+02,6.020797289164121074e-02
2.236467700253399471e+00,2.275357973639075055e+02,6.020797289164121074e-02
4.736467700253399471e+00,2.213290423426347218e+02,6.020797289164121074e-02
7.236467700253399471e+00,2.140492757488959228e+02,6.020797289164121074e-02
9.736467700253399471e+00,2.029655089526421250e+02,6.020797289164121074e-02
1.223646770025339947e+01,1.878205177143978233e+02,6.020797289164121074e-02
1.473646770025339947e+01,1.626671727011437838e+02,6.020797289164121074e-02
1.723646770025339947e+01,1.269848478966448795e+02,6.020797289164121074e-02
1.973646770025339947e+01,2.724213459458723818e+01,6.020797289164121074e-02
2.223646770025339947e+01,4.496409012926172011e+01,6.020797289164121074e-02
-1.000000000000000000e+03,-1.000000000000000000e+03,-1.000000000000000000e+03
-1.825664885250732539e+01,5.302377747414463727e+01,3.041381265034278497e-02
-1.700664885250732539e+01,1.046521513808665986e+02,3.041381265034278497e-02
-1.575664885250732539e+01,1.302773077899407212e+02,3.041381265034278497e-02
-1.450664885250732539e+01,1.579964451882183596e+02,3.041381265034278497e-02
-1.245664885246075926e+01,1.773705316189874850e+02,6.020797289164121074e-02
-9.956648852460759258e+00,1.966899555704743818e+02,6.020797289164121074e-02
-7.456648852460759258e+00,2.100638942130923397e+02,6.020797289164121074e-02
-4.956648852460759258e+00,2.183281638572233874e+02,6.020797289164121074e-02
-2.456648852460759258e+00,2.236915462523417091e+02,6.020797289164121074e-02
4.335114753924074193e-02,2.250488418603268883e+02,6.020797289164121074e-02
2.543351147539240742e+00,2.237246043695207618e+02,6.020797289164121074e-02
5.043351147539240742e+00,2.190782365823253599e+02,6.020797289164121074e-02
7.543351147539240742e+00,2.106784887968767066e+02,6.020797289164121074e-02
1.004335114753924074e+01,1.968523225649488495e+02,6.020797289164121074e-02
1.254335114753924074e+01,1.815382968505550139e+02,6.020797289164121074e-02
1.504335114753924074e+01,1.544060670893353233e+02,6.020797289164121074e-02
1.754335114753924074e+01,1.092061576114581811e+02,6.020797289164121074e-02
2.004335114753924074e+01,2.501685513838134867e+01,6.020797289164121074e-02
-1.000000000000000000e+03,-1.000000000000000000e+03,-1.000000000000000000e+03
-2.226874527005048776e+01,6.559401200433445922e+01,3.041381265034278497e-02
-2.101874527005048776e+01,1.182104777589707396e+02,3.041381265034278497e-02
-1.976874527005048776e+01,1.465568782226534665e+02,3.041381265034278497e-02
-1.851874527005048776e+01,1.736218938959136722e+02,3.041381265034278497e-02
-1.646874527000392163e+01,2.016811393135924391e+02,6.020797289164121074e-02
-1.396874527000392163e+01,2.291448404423407794e+02,6.020797289164121074e-02
-1.146874527000392163e+01,2.447892153078706770e+02,6.020797289164121074e-02
-8.968745270003921632e+00,2.595027857722799354e+02,6.020797289164121074e-02
-6.468745270003921632e+00,2.701786118734173101e+02,6.020797289164121074e-02
-3.968745270003921632e+00,2.736943930706132733e+02,6.020797289164121074e-02
-1.468745270003921632e+00,2.782490193881630489e+02,6.020797289164121074e-02
1.031254729996078368e+00,2.823659585418648703e+02,6.020797289164121074e-02
3.531254729996078368e+00,2.799782539590965484e+02,6.020797289164121074e-02
6.031254729996078368e+00,2.743865555252313584e+02,6.020797289164121074e-02
8.531254729996078368e+00,2.655946316731109960e+02,6.020797289164121074e-02
1.103125472999607837e+01,2.565221201437880154e+02,6.020797289164121074e-02
1.353125472999607837e+01,2.422881884338058853e+02,6.020797289164121074e-02
1.603125472999607837e+01,2.247724976991330834e+02,6.020797289164121074e-02
1.853125472999607837e+01,2.016681767851265477e+02,6.020797289164121074e-02
2.103125472999607837e+01,1.689158741677683508e+02,6.020797289164121074e-02
2.353125472999607837e+01,1.115131035472744543e+02,6.020797289164121074e-02
2.603125472999607837e+01,2.815510883405125497e+01,6.020797289164121074e-02
-1.000000000000000000e+03,-1.000000000000000000e+03,-1.000000000000000000e+03
-1.840109671472310993e+01,5.780297266332558337e+01,3.041381265034278497e-02
-1.715109671472310993e+01,1.075283457240396388e+02,3.041381265034278497e-02
-1.590109671472310993e+01,1.346743407937342454e+02,3.041381265034278497e-02
-1.465109671472310993e+01,1.537176820435093703e+02,3.041381265034278497e-02
-1.260109671467654380e+01,1.813695862493225377e+02,6.020797289164121074e-02
-1.010109671467654380e+01,1.991569340373679324e+02,6.020797289164121074e-02
-7.601096714676543797e+00,2.140085406127812462e+02,6.020797289164121074e-02
-5.101096714676543797e+00,2.252452790128394895e+02,6.020797289164121074e-02
-2.601096714676543797e+00,2.314431746109289350e+02,6.020797289164121074e-02
-1.010967146765437974e-01,2.345266248246987573e+02,6.020797289164121074e-02
2.398903285323456203e+00,2.286716076855074675e+02,6.020797289164121074e-02
4.898903285323456203e+00,2.265367328800663813e+02,6.020797289164121074e-02
7.398903285323456203e+00,2.230168882410960691e+02,6.020797289164121074e-02
9.898903285323456203e+00,2.111906078944402338e+02,6.020797289164121074e-02
1.239890328532345620e+01,1.951200186509489072e+02,6.020797289164121074e-02
1.489890328532345620e+01,1.736358987503129185e+02,6.020797289164121074e-02
1.739890328532345620e+01,1.401553631929542121e+02,6.020797289164121074e-02
1.989890328532345620e+01,7.990961742411140278e+01,6.020797289164121074e-02
-1.000000000000000000e+03,-1.000000000000000000e+03,-1.000000000000000000e+03
-1.823156367429010061e+01,5.751243247032887496e+01,3.041381265034278497e-02
-1.698156367429010061e+01,1.075784732799538119e+02,3.041381265034278497e-02
-1.573156367429010061e+01,1.308107835959711167e+02,3.041381265034278497e-02
-1.448156367429010061e+01,1.511071632477524815e+02,3.041381265034278497e-02
-1.243156367424353448e+01,1.757441026991906483e+02,6.020797289164121074e-02
-9.931563674243534479e+00,1.952513053649172434e+02,6.020797289164121074e-02
-7.431563674243534479e+00,2.078944314725064260e+02,6.020797289164121074e-02
-4.931563674243534479e+00,2.166285287339264869e+02,6.020797289164121074e-02
-2.431563674243534479e+00,2.205965412754378008e+02,6.020797289164121074e-02
6.843632575646552141e-02,2.210177462741214640e+02,6.020797289164121074e-02
2.568436325756465521e+00,2.196445342047108227e+02,6.020797289164121074e-02
5.068436325756465521e+00,2.147467460859307664e+02,6.020797289164121074e-02
7.568436325756465521e+00,2.069500904198871467e+02,6.020797289164121074e-02
1.006843632575646552e+01,1.928774492962045031e+02,6.020797289164121074e-02
1.256843632575646552e+01,1.739875854191150211e+02,6.020797289164121074e-02
1.506843632575646552e+01,1.466525990108130202e+02,6.020797289164121074e-02
1.756843632575646552e+01,9.680459977318867004e+01,6.020797289164121074e-02
2.006843632575646552e+01,3.858852009524879634e+01,6.020797289164121074e-02
-1.000000000000000000e+03,-1.000000000000000000e+03,-1.000000000000000000e+03
-1.839916606100567975e+01,6.083913918631215267e+01,3.041381265034278497e-02
-1.714916606100567975e+01,9.734725451187017597e+01,3.041381265034278497e-02
-1.589916606100567975e+01,1.336837723681194063e+02,3.041381265034278497e-02
-1.464916606100567975e+01,1.540744970834943786e+02,3.041381265034278497e-02
-1.259916606095911362e+01,1.769818488210081000e+02,6.020797289164121074e-02
-1.009916606095911362e+01,1.961573067499066951e+02,6.020797289164121074e-02
-7.599166060959113622e+00,2.098395785010865779e+02,6.020797289164121074e-02
-5.099166060959113622e+00,2.195281619687967236e+02,6.020797289164121074e-02
-2.599166060959113622e+00,2.238058615366562094e+02,6.020797289164121074e-02
-9.916606095911362218e-02,2.251795374768303759e+02,6.020797289164121074e-02
2.400833939040886378e+00,2.248595900307475119e+02,6.020797289164121074e-02
4.900833939040886378e+00,2.174512855693170650e+02,6.020797289164121074e-02
7.400833939040886378e+00,2.106113255955621923e+02,6.020797289164121074e-02
9.900833939040886378e+00,1.984674886153790965e+02,6.020797289164121074e-02
1.240083393904088638e+01,1.801593413470038740e+02,6.020797289164121074e-02
1.490083393904088638e+01,1.572925806360587444e+02,6.020797289164121074e-02
1.740083393904088638e+01,1.131680747887461393e+02,6.020797289164121074e-02
1.990083393904088638e+01,2.308998052661707590e+01,6.020797289164121074e-02
-1.000000000000000000e+03,-1.000000000000000000e+03,-1.000000000000000000e+03
-2.224878099118994612e+01,6.130329395357330213e+01,3.041381265034278497e-02
-2.099878099118994612e+01,1.165963158004139189e+02,3.041381265034278497e-02
-1.974878099118994612e+01,1.453277211265512392e+02,3.041381265034278497e-02
-1.849878099118994612e+01,1.661783379583120848e+02,3.041381265034278497e-02
-1.644878099114337999e+01,1.972399211107515100e+02,6.020797289164121074e-02
-1.394878099114337999e+01,2.169601461732998473e+02,6.020797289164121074e-02
-1.144878099114337999e+01,2.348802489524465500e+02,6.020797289164121074e-02
-8.948780991143379993e+00,2.452961905819497019e+02,6.020797289164121074e-02
-6.448780991143379993e+00,2.549175165000031029e+02,6.020797289164121074e-02
-3.948780991143379993e+00,2.605416332879344736e+02,6.020797289164121074e-02
-1.448780991143379993e+00,2.620471790977377964e+02,6.020797289164121074e-02
1.051219008856620007e+00,2.628489023374909834e+02,6.020797289164121074e-02
3.551219008856620007e+00,2.616953747819078444e+02,6.020797289164121074e-02
6.051219008856620007e+00,2.543630387364732712e+02,6.020797289164121074e-02
8.551219008856620007e+00,2.462319005436824568e+02,6.020797289164121074e-02
1.105121900885662001e+01,2.339894786907879052e+02,6.020797289164121074e-02
1.355121900885662001e+01,2.163823323084103549e+02,6.020797289164121074e-02
1.605121900885662001e+01,1.951550992766870536e+02,6.020797289164121074e-02
1.855121900885662001e+01,1.651253761350644140e+02,6.020797289164121074e-02
2.105121900885662001e+01,1.103173495166298892e+02,6.020797289164121074e-02
2.355121900885662001e+01,3.889315481266436336e+01,6.020797289164121074e-02
-1.000000000000000000e+03,-1.000000000000000000e+03,-1.000000000000000000e+03
-1.753027474892751059e+01,5.650020720308138777e+01,3.041381265034278497e-02
-1.628027474892751059e+01,9.796475343170365591e+01,3.041381265034278497e-02
-1.503027474892751059e+01,1.276563910460392179e+02,3.041381265034278497e-02
-1.378027474892751059e+01,1.502806861802211529e+02,3.041381265034278497e-02
-1.173027474888094446e+01,1.718773654980361414e+02,6.020797289164121074e-02
-9.230274748880944458e+00,1.911252790248757663e+02,6.020797289164121074e-02
-6.730274748880944458e+00,2.030757635825037823e+02,6.020797289164121074e-02
-4.230274748880944458e+00,2.090903197568771361e+02,6.020797289164121074e-02
-1.730274748880944458e+00,2.143075499578472716e+02,6.020797289164121074e-02
7.697252511190555424e-01,2.151095825486186754e+02,6.020797289164121074e-02
3.269725251119055542e+00,2.125020294344584215e+02,6.020797289164121074e-02
5.769725251119055542e+00,2.060359956910379537e+02,6.020797289164121074e-02
8.269725251119055542e+00,1.969075911350558670e+02,6.020797289164121074e-02
1.076972525111905554e+01,1.823801627541119501e+02,6.020797289164121074e-02
1.326972525111905554e+01,1.608197623272930059e+02,6.020797289164121074e-02
1.576972525111905554e+01,1.271676160045079769e+02,6.020797289164121074e-02
1.826972525111905554e+01,5.935026434168526066e+01,6.020797289164121074e-02
2.076972525111905554e+01,4.451663607622188579e+01,6.020797289164121074e-02
-1.000000000000000000e+03,-1.000000000000000000e+03,-1.000000000000000000e+03
-1.964827589974117217e+01,6.155930404196871564e+01,3.041381265034278497e-02
-1.839827589974117217e+01,1.050951018996010333e+02,3.041381265034278497e-02
-1.714827589974117217e+01,1.355412531042624096e+02,3.041381265034278497e-02
-1.589827589974117217e+01,1.571509437343789273e+02,3.041381265034278497e-02
-1.384827589969460604e+01,1.850824332160529480e+02,6.020797289164121074e-02
-1.134827589969460604e+01,2.055309380056182817e+02,6.020797289164121074e-02
-8.848275899694606039e+00,2.198418490482200980e+02,6.020797289164121074e-02
-6.348275899694606039e+00,2.311034587001134355e+02,6.020797289164121074e-02
-3.848275899694606039e+00,2.368977071496227609e+02,6.020797289164121074e-02
-1.348275899694606039e+00,2.403121318246911642e+02,6.020797289164121074e-02
1.151724100305393961e+00,2.391700198335545338e+02,6.020797289164121074e-02
3.651724100305393961e+00,2.371250249681738751e+02,6.020797289164121074e-02
6.151724100305393961e+00,2.316933338228404295e+02,6.020797289164121074e-02
8.651724100305393961e+00,2.211140471868022814e+02,6.020797289164121074e-02
1.115172410030539396e+01,2.099031969311470220e+02,6.020797289164121074e-02
1.365172410030539396e+01,1.926490049781440916e+02,6.020797289164121074e-02
1.615172410030539396e+01,1.677499585569140663e+02,6.020797289164121074e-02
1.865172410030539396e+01,1.277476506278253225e+02,6.020797289164121074e-02
2.115172410030539396e+01,1.517484767399260548e+01,6.020797289164121074e-02
-1.000000000000000000e+03,-1.000000000000000000e+03,-1.000000000000000000e+03
-2.087036881759303242e+01,5.729847868242333675e+01,3.041381265034278497e-02
-1.962036881759303242e+01,1.110171090339276248e+02,3.041381265034278497e-02
-1.837036881759303242e+01,1.423579772225139948e+02,3.041381265034278497e-02
-1.712036881759303242e+01,1.674196978439767349e+02,3.041381265034278497e-02
-1.507036881754646629e+01,1.936962985402641095e+02,6.020797289164121074e-02
-1.257036881754646629e+01,2.160481623294806468e+02,6.020797289164121074e-02
-1.007036881754646629e+01,2.334506016158425155e+02,6.020797289164121074e-02
-7.570368817546466289e+00,2.445628128844498406e+02,6.020797289164121074e-02
-5.070368817546466289e+00,2.530388892459293402e+02,6.020797289164121074e-02
-2.570368817546466289e+00,2.594526548473341450e+02,6.020797289164121074e-02
-7.036881754646628906e-02,2.618077439319363293e+02,6.020797289164121074e-02
2.429631182453533711e+00,2.601000107789234335e+02,6.020797289164121074e-02
4.929631182453533711e+00,2.571900111418460710e+02,6.020797289164121074e-02
7.429631182453533711e+00,2.503925203927678922e+02,6.020797289164121074e-02
9.929631182453533711e+00,2.390341319049679782e+02,6.020797289164121074e-02
1.242963118245353371e+01,2.254871843926363795e+02,6.020797289164121074e-02
1.492963118245353371e+01,2.067490875189835720e+02,6.020797289164121074e-02
1.742963118245353371e+01,1.806295075905625254e+02,6.020797289164121074e-02
1.992963118245353371e+01,1.458521689681993507e+02,6.020797289164121074e-02
2.242963118245353371e+01,7.313719103043645475e+01,6.020797289164121074e-02
-1.000000000000000000e+03,-1.000000000000000000e+03,-1.000000000000000000e+03
-2.069255811312134341e+01,5.695431547699158870e+01,3.041381265034278497e-02
-1.944255811312134341e+01,1.108640560104066992e+02,3.041381265034278497e-02
-1.819255811312134341e+01,1.378853443966337409e+02,3.041381265034278497e-02
-1.694255811312134341e+01,1.622376439255661182e+02,3.041381265034278497e-02
-1.489255811307477728e+01,1.925313254642087486e+02,6.020797289164121074e-02
-1.239255811307477728e+01,2.128877608672345616e+02,6.020797289164121074e-02
-9.892558113074777282e+00,2.284282420790324863e+02,6.020797289164121074e-02
-7.392558113074777282e+00,2.427547491172208822e+02,6.020797289164121074e-02
-4.892558113074777282e+00,2.497772713190624359e+02,6.020797289164121074e-02
-2.392558113074777282e+00,2.538504177759382401e+02,6.020797289164121074e-02
1.074418869252227182e-01,2.557927105902899143e+02,6.020797289164121074e-02
2.607441886925222718e+00,2.547809559817049490e+02,6.020797289164121074e-02
5.107441886925222718e+00,2.501373791446278574e+02,6.020797289164121074e-02
7.607441886925222718e+00,2.436019290077178425e+02,6.020797289164121074e-02
1.010744188692522272e+01,2.326335967015937172e+02,6.020797289164121074e-02
1.260744188692522272e+01,2.150892685687837798e+02,6.020797289164121074e-02
1.510744188692522272e+01,1.973604218080082831e+02,6.020797289164121074e-02
1.760744188692522272e+01,1.713109879028379225e+02,6.020797289164121074e-02
2.010744188692522272e+01,1.303928309877148308e+02,6.020797289164121074e-02
2.260744188692522272e+01,1.929090679440574263e+01,6.020797289164121074e-02
-1.000000000000000000e+03,-1.000000000000000000e+03,-1.000000000000000000e+03
-1.813282722818738790e+01,5.953718591353063516e+01,3.041381265034278497e-02
-1.688282722818738790e+01,1.037165752240159122e+02,3.041381265034278497e-02
-1.563282722818738790e+01,1.272158055742808074e+02,3.041381265034278497e-02
-1.438282722818738790e+01,1.511464491338154801e+02,3.041381265034278497e-02
-1.233282722814082177e+01,1.736733815802834044e+02,6.020797289164121074e-02
-9.832827228140821774e+00,1.946519390895196295e+02,6.020797289164121074e-02
-7.332827228140821774e+00,2.068507892276696793e+02,6.020797289164121074e-02
-4.832827228140821774e+00,2.161337656197923138e+02,6.020797289164121074e-02
-2.332827228140821774e+00,2.189479234480480159e+02,6.020797289164121074e-02
1.671727718591782264e-01,2.203678161315892794e+02,6.020797289164121074e-02
2.667172771859178226e+00,2.184423756171235596e+02,6.020797289164121074e-02
5.167172771859178226e+00,2.144964724256252566e+02,6.020797289164121074e-02
7.667172771859178226e+00,2.051104563874808377e+02,6.020797289164121074e-02
1.016717277185917823e+01,1.910576452977142310e+02,6.020797289164121074e-02
1.266717277185917823e+01,1.725187789642637313e+02,6.020797289164121074e-02
1.516717277185917823e+01,1.438622666168621720e+02,6.020797289164121074e-02
1.766717277185917823e+01,9.548032517030220845e+01,6.020797289164121074e-02
2.016717277185917823e+01,3.485450028638930320e+01,6.020797289164121074e-02
-1.000000000000000000e+03,-1.000000000000000000e+03,-1.000000000000000000e+03
-1.828010763430107488e+01,5.289673243163645111e+01,3.041381265034278497e-02
-1.703010763430107488e+01,1.035323157723687757e+02,3.041381265034278497e-02
-1.578010763430107488e+01,1.268216091308141813e+02,3.041381265034278497e-02
-1.453010763430107488e+01,1.537846550902176830e+02,3.041381265034278497e-02
-1.248010763425450875e+01,1.733314194093422600e+02,6.020797289164121074e-02
-9.980107634254508753e+00,1.949814557198552905e+02,6.020797289164121074e-02
-7.480107634254508753e+00,2.088388408476174050e+02,6.020797289164121074e-02
-4.980107634254508753e+00,2.176307363622952948e+02,6.020797289164121074e-02
-2.480107634254508753e+00,2.211244121474168765e+02,6.020797289164121074e-02
1.989236574549124725e-02,2.218618126573686595e+02,6.020797289164121074e-02
2.519892365745491247e+00,2.218004629647939794e+02,6.020797289164121074e-02
5.019892365745491247e+00,2.132066916632466587e+02,6.020797289164121074e-02
7.519892365745491247e+00,2.068839665141524620e+02,6.020797289164121074e-02
1.001989236574549125e+01,1.927210650970486085e+02,6.020797289164121074e-02
1.251989236574549125e+01,1.779309771116620027e+02,6.020797289164121074e-02
1.501989236574549125e+01,1.486146439319406909e+02,6.020797289164121074e-02
1.751989236574549125e+01,1.016699557368260969e+02,6.020797289164121074e-02
2.001989236574549125e+01,2.411222445897597311e+01,6.020797289164121074e-02
-1.000000000000000000e+03,-1.000000000000000000e+03,-1.000000000000000000e+03
-1.500295116746785595e+01,4.650684085851203520e+01,3.041381265034278497e-02
-1.375295116746785595e+01,8.950385766579415758e+01,3.041381265034278497e-02
-1.250295116746785595e+01,1.113963647971398245e+02,3.041381265034278497e-02
-1.125295116746785595e+01,1.364465757325706363e+02,3.041381265034278497e-02
-9.202951167421289824e+00,1.551348226270414159e+02,6.020797289164121074e-02
-6.702951167421289824e+00,1.728489539141229159e+02,6.020797289164121074e-02
-4.202951167421289824e+00,1.816166762992568806e+02,6.020797289164121074e-02
-1.702951167421289824e+00,1.872663270779989944e+02,6.020797289164121074e-02
7.970488325787101758e-01,1.878832608545619109e+02,6.020797289164121074e-02
3.297048832578710176e+00,1.847429178451708083e+02,6.020797289164121074e-02
5.797048832578710176e+00,1.779866579756182432e+02,6.020797289164121074e-02
8.297048832578710176e+00,1.657803086516743178e+02,6.020797289164121074e-02
1.079704883257871018e+01,1.487275472755585497e+02,6.020797289164121074e-02
1.329704883257871018e+01,1.200437437070648485e+02,6.020797289164121074e-02
1.579704883257871018e+01,5.844451802653748018e+01,6.020797289164121074e-02
1.829704883257871018e+01,4.369907089195988448e+01,6.020797289164121074e-02
-1.000000000000000000e+03,-1.000000000000000000e+03,-1.000000000000000000e+03
-1.863430061786055347e+01,5.358717601424378074e+01,3.041381265034278497e-02
-1.738430061786055347e+01,1.070838654242751602e+02,3.041381265034278497e-02
-1.613430061786055347e+01,1.344158304823855588e+02,3.041381265034278497e-02
-1.488430061786055347e+01,1.507432549728539755e+02,3.041381265034278497e-02
-1.283430061781398734e+01,1.801939105773417396e+02,6.020797289164121074e-02
-1.033430061781398734e+01,1.993553696721601227e+02,6.020797289164121074e-02
-7.834300617813987344e+00,2.135724865631064517e+02,6.020797289164121074e-02
-5.334300617813987344e+00,2.236009567667892668e+02,6.020797289164121074e-02
-2.834300617813987344e+00,2.277521441772641708e+02,6.020797289164121074e-02
-3.343006178139873441e-01,2.322088257284841006e+02,6.020797289164121074e-02
2.165699382186012656e+00,2.307983175681414991e+02,6.020797289164121074e-02
4.665699382186012656e+00,2.252163331712382615e+02,6.020797289164121074e-02
7.165699382186012656e+00,2.185432841475206658e+02,6.020797289164121074e-02
9.665699382186012656e+00,2.096211102007362967e+02,6.020797289164121074e-02
1.216569938218601266e+01,1.933112284813846600e+02,6.020797289164121074e-02
1.466569938218601266e+01,1.712663382469216629e+02,6.020797289164121074e-02
1.716569938218601266e+01,1.387384613785297915e+02,6.020797289164121074e-02
1.966569938218601266e+01,7.746040284035103696e+01,6.020797289164121074e-02
-1.000000000000000000e+03,-1.000000000000000000e+03,-1.000000000000000000e+03
-1.783519859122382201e+01,5.775097404247949839e+01,3.041381265034278497e-02
-1.658519859122382201e+01,1.032605214107121014e+02,3.041381265034278497e-02
-1.533519859122382201e+01,1.290090644766077332e+02,3.041381265034278497e-02
-1.408519859122382201e+01,1.534861219043336291e+02,3.041381265034278497e-02
-1.203519859117725588e+01,1.747881466411342331e+02,6.020797289164121074e-02
-9.535198591177255878e+00,1.941678025039252589e+02,6.020797289164121074e-02
-7.035198591177255878e+00,2.068326385642504022e+02,6.020797289164121074e-02
-4.535198591177255878e+00,2.148702551607756277e+02,6.020797289164121074e-02
-2.035198591177255878e+00,2.193788552631734206e+02,6.020797289164121074e-02
4.648014088227441221e-01,2.212592756358168060e+02,6.020797289164121074e-02
2.964801408822744122e+00,2.195247235621903314e+02,6.020797289164121074e-02
5.464801408822744122e+00,2.130858481050129569e+02,6.020797289164121074e-02
7.964801408822744122e+00,2.042418092957186389e+02,6.020797289164121074e-02
1.046480140882274412e+01,1.913171534842262815e+02,6.020797289164121074e-02
1.296480140882274412e+01,1.730410386405048939e+02,6.020797289164121074e-02
1.546480140882274412e+01,1.416495395140901508e+02,6.020797289164121074e-02
1.796480140882274412e+01,9.011890982774016834e+01,6.020797289164121074e-02
2.046480140882274412e+01,3.625265201197881026e+01,6.020797289164121074e-02
-1.000000000000000000e+03,-1.000000000000000000e+03,-1.000000000000000000e+03
-1.657003375148471491e+01,6.151431741771413897e+01,3.041381265034278497e-02
-1.532003375148471491e+01,1.003198620584972502e+02,3.041381265034278497e-02
-1.407003375148471491e+01,1.217553443236062378e+02,3.041381265034278497e-02
-1.282003375148471491e+01,1.436953129685847728e+02,3.041381265034278497e-02
-1.077003375143814878e+01,1.692422462217844554e+02,6.020797289164121074e-02
-8.270033751438148784e+00,1.882874665210056833e+02,6.020797289164121074e-02
-5.770033751438148784e+00,1.991299273194424586e+02,6.020797289164121074e-02
-3.270033751438148784e+00,2.077508701298768301e+02,6.020797289164121074e-02
-7.700337514381487836e-01,2.114675657231415471e+02,6.020797289164121074e-02
1.729966248561851216e+00,2.098911373925469093e+02,6.020797289164121074e-02
4.229966248561851216e+00,2.068342772192712573e+02,6.020797289164121074e-02
6.729966248561851216e+00,1.985317399116624983e+02,6.020797289164121074e-02
9.229966248561851216e+00,1.887983960064297548e+02,6.020797289164121074e-02
1.172996624856185122e+01,1.703551641196899595e+02,6.020797289164121074e-02
1.422996624856185122e+01,1.460399337500994079e+02,6.020797289164121074e-02
1.672996624856185122e+01,1.016050216629703016e+02,6.020797289164121074e-02
1.922996624856185122e+01,2.555970378885785266e+01,6.020797289164121074e-02
-1.000000000000000000e+03,-1.000000000000000000e+03,-1.000000000000000000e+03
-1.809804786122619191e+01,4.951598123678429886e+01,3.041381265034278497e-02
-1.684804786122619191e+01,1.022721346650130414e+02,3.041381265034278497e-02
-1.559804786122619191e+01,1.356909549530778065e+02,3.041381265034278497e-02
-1.434804786122619191e+01,1.535384719643209621e+02,3.041381265034278497e-02
-1.229804786117962578e+01,1.782434797103833830e+02,6.020797289164121074e-02
-9.798047861179625784e+00,1.971623879068430369e+02,6.020797289164121074e-02
-7.298047861179625784e+00,2.098928718820123436e+02,6.020797289164121074e-02
-4.798047861179625784e+00,2.199332472106508476e+02,6.020797289164121074e-02
-2.298047861179625784e+00,2.252274530293556722e+02,6.020797289164121074e-02
2.019521388203742163e-01,2.259532781262529113e+02,6.020797289164121074e-02
2.701952138820374216e+00,2.230711115754780280e+02,6.020797289164121074e-02
5.201952138820374216e+00,2.191173550419219396e+02,6.020797289164121074e-02
7.701952138820374216e+00,2.095018729608911769e+02,6.020797289164121074e-02
1.020195213882037422e+01,1.987794277884535745e+02,6.020797289164121074e-02
1.270195213882037422e+01,1.830572337390328244e+02,6.020797289164121074e-02
1.520195213882037422e+01,1.580983705261023431e+02,6.020797289164121074e-02
1.770195213882037422e+01,1.198663725613910174e+02,6.020797289164121074e-02
2.020195213882037422e+01,2.522791140231966978e+01,6.020797289164121074e-02
-1.000000000000000000e+03,-1.000000000000000000e+03,-1.000000000000000000e+03
-2.274474577692988930e+01,6.586506853205342793e+01,3.041381265034278497e-02
-2.149474577692988930e+01,1.221247332908367582e+02,3.041381265034278497e-02
-2.024474577692988930e+01,1.501473665016872872e+02,3.041381265034278497e-02
-1.899474577692988930e+01,1.776548119871617928e+02,3.041381265034278497e-02
-1.694474577688332317e+01,2.049549105220756360e+02,6.020797289164121074e-02
-1.444474577688332317e+01,2.315012241974586686e+02,6.020797289164121074e-02
-1.194474577688332317e+01,2.475469077495744159e+02,6.020797289164121074e-02
-9.444745776883323174e+00,2.625356147548061472e+02,6.020797289164121074e-02
-6.944745776883323174e+00,2.720054172597872366e+02,6.020797289164121074e-02
-4.444745776883323174e+00,2.790183009738266833e+02,6.020797289164121074e-02
-1.944745776883323174e+00,2.825885322229808025e+02,6.020797289164121074e-02
5.552542231166768261e-01,2.848245824042339223e+02,6.020797289164121074e-02
3.055254223116676826e+00,2.809454769416682893e+02,6.020797289164121074e-02
5.555254223116676826e+00,2.781136638400697620e+02,6.020797289164121074e-02
8.055254223116676826e+00,2.709356745038115832e+02,6.020797289164121074e-02
1.055525422311667683e+01,2.626686251860939478e+02,6.020797289164121074e-02
1.305525422311667683e+01,2.471754156861224487e+02,6.020797289164121074e-02
1.555525422311667683e+01,2.320681740384886496e+02,6.020797289164121074e-02
1.805525422311667683e+01,2.113083857457636725e+02,6.020797289164121074e-02
2.055525422311667683e+01,1.785239856230149940e+02,6.020797289164121074e-02
2.305525422311667683e+01,1.314827241876022583e+02,6.020797289164121074e-02
2.555525422311667683e+01,2.653385747782516546e+01,6.020797289164121074e-02
-1.000000000000000000e+03,-1.000000000000000000e+03,-1.000000000000000000e+03
-2.023462152586430562e+01,6.120972886289139581e+01,3.041381265034278497e-02
-1.898462152586430562e+01,1.144266101057339853e+02,3.041381265034278497e-02
-1.773462152586430562e+01,1.366341803844460969e+02,3.041381265034278497e-02
-1.648462152586430562e+01,1.666919502584005670e+02,3.041381265034278497e-02
-1.443462152581773950e+01,1.892947204216623334e+02,6.020797289164121074e-02
-1.193462152581773950e+01,2.106973841157216043e+02,6.020797289164121074e-02
-9.434621525817739496e+00,2.263428012499453246e+02,6.020797289164121074e-02
-6.934621525817739496e+00,2.376378010539945933e+02,6.020797289164121074e-02
-4.434621525817739496e+00,2.444378090096307119e+02,6.020797289164121074e-02
-1.934621525817739496e+00,2.479074173837947228e+02,6.020797289164121074e-02
5.653784741822605042e-01,2.495801764896718851e+02,6.020797289164121074e-02
3.065378474182260504e+00,2.474176006179439469e+02,6.020797289164121074e-02
5.565378474182260504e+00,2.421882179726896140e+02,6.020797289164121074e-02
8.065378474182260504e+00,2.347842530534477987e+02,6.020797289164121074e-02
1.056537847418226050e+01,2.223878889815013054e+02,6.020797289164121074e-02
1.306537847418226050e+01,2.075360487664639493e+02,6.020797289164121074e-02
1.556537847418226050e+01,1.851367680002305178e+02,6.020797289164121074e-02
1.806537847418226050e+01,1.554915122716641918e+02,6.020797289164121074e-02
2.056537847418226050e+01,9.934613943890141741e+01,6.020797289164121074e-02
2.306537847418226050e+01,4.219893238533366286e+01,6.020797289164121074e-02
-1.000000000000000000e+03,-1.000000000000000000e+03,-1.000000000000000000e+03
-1.907577369832736025e+01,5.938337405980261963e+01,3.041381265034278497e-02
-1.782577369832736025e+01,1.100710104156353850e+02,3.041381265034278497e-02
-1.657577369832736025e+01,1.335476287330131129e+02,3.041381265034278497e-02
-1.532577369832736025e+01,1.600332448156571274e+02,3.041381265034278497e-02
-1.327577369828079412e+01,1.864548764700775223e+02,6.020797289164121074e-02
-1.077577369828079412e+01,2.063251522280888253e+02,6.020797289164121074e-02
-8.275773698280794122e+00,2.211319348831657976e+02,6.020797289164121074e-02
-5.775773698280794122e+00,2.289232146886608348e+02,6.020797289164121074e-02
-3.275773698280794122e+00,2.369459171489588982e+02,6.020797289164121074e-02
-7.757736982807941217e-01,2.401119176422491250e+02,6.020797289164121074e-02
1.724226301719205878e+00,2.396111005700150827e+02,6.020797289164121074e-02
4.224226301719205878e+00,2.360774405911079157e+02,6.020797289164121074e-02
6.724226301719205878e+00,2.287882927121187606e+02,6.020797289164121074e-02
9.224226301719205878e+00,2.200467790646819140e+02,6.020797289164121074e-02
1.172422630171920588e+01,2.049683974094345444e+02,6.020797289164121074e-02
1.422422630171920588e+01,1.863534391178761496e+02,6.020797289164121074e-02
1.672422630171920588e+01,1.574626378177345316e+02,6.020797289164121074e-02
1.922422630171920588e+01,1.071098431608747177e+02,6.020797289164121074e-02
2.172422630171920588e+01,3.594121955630126308e+01,6.020797289164121074e-02
-1.000000000000000000e+03,-1.000000000000000000e+03,-1.000000000000000000e+03
-2.131914882720816706e+01,6.489816132673013271e+01,3.041381265034278497e-02
-2.006914882720816706e+01,1.222531078436793450e+02,3.041381265034278497e-02
-1.881914882720816706e+01,1.457877205819124526e+02,3.041381265034278497e-02
-1.756914882720816706e+01,1.646474639744357944e+02,3.041381265034278497e-02
-1.551914882716160093e+01,1.953358282028000303e+02,6.020797289164121074e-02
-1.301914882716160093e+01,2.162056777961208809e+02,6.020797289164121074e-02
-1.051914882716160093e+01,2.341796801071205891e+02,6.020797289164121074e-02
-8.019148827161600934e+00,2.452220017112579740e+02,6.020797289164121074e-02
-5.519148827161600934e+00,2.544073004796359214e+02,6.020797289164121074e-02
-3.019148827161600934e+00,2.629247717023019391e+02,6.020797289164121074e-02
-5.191488271616009342e-01,2.611048892321257426e+02,6.020797289164121074e-02
1.980851172838399066e+00,2.621697536176150152e+02,6.020797289164121074e-02
4.480851172838399066e+00,2.616581486873914173e+02,6.020797289164121074e-02
6.980851172838399066e+00,2.527472891663115320e+02,6.020797289164121074e-02
9.480851172838399066e+00,2.435791661705581532e+02,6.020797289164121074e-02
1.198085117283839907e+01,2.329494090946094786e+02,6.020797289164121074e-02
1.448085117283839907e+01,2.167981155783300267e+02,6.020797289164121074e-02
-1.000000000000000000e+03,-1.000000000000000000e+03,-1.000000000000000000e+03
-2.395148808344673341e+01,7.705445406968931366e+01,3.041381265034278497e-02
-2.270148808344673341e+01,1.190098088811743651e+02,3.041381265034278497e-02
-2.145148808344673341e+01,1.536423069825755476e+02,3.041381265034278497e-02
-2.020148808344673341e+01,1.793938417194565886e+02,3.041381265034278497e-02
-1.815148808340016728e+01,2.082853295205550808e+02,6.020797289164121074e-02
-1.565148808340016728e+01,2.337475415950121373e+02,6.020797289164121074e-02
-1.315148808340016728e+01,2.533374562389859648e+02,6.020797289164121074e-02
-1.065148808340016728e+01,2.679112900250626694e+02,6.020797289164121074e-02
-8.151488083400167284e+00,2.781475667633667967e+02,6.020797289164121074e-02
-5.651488083400167284e+00,2.837444786176801017e+02,6.020797289164121074e-02
-3.151488083400167284e+00,2.900343539476457408e+02,6.020797289164121074e-02
-6.514880834001672838e-01,2.914438651015611299e+02,6.020797289164121074e-02
1.848511916599832716e+00,2.912689751709920642e+02,6.020797289164121074e-02
4.348511916599832716e+00,2.884189507603273341e+02,6.020797289164121074e-02
6.848511916599832716e+00,2.824825294690880924e+02,6.020797289164121074e-02
9.348511916599832716e+00,2.740557585606219391e+02,6.020797289164121074e-02
1.184851191659983272e+01,2.625995753464674181e+02,6.020797289164121074e-02
1.434851191659983272e+01,2.477577336703180322e+02,6.020797289164121074e-02
1.684851191659983272e+01,2.270977897478157672e+02,6.020797289164121074e-02
1.934851191659983272e+01,2.034749892196490464e+02,6.020797289164121074e-02
2.184851191659983272e+01,1.654420160690450530e+02,6.020797289164121074e-02
2.434851191659983272e+01,1.014091974697997358e+02,6.020797289164121074e-02
2.684851191659983272e+01,4.278958373077186650e+01,6.020797289164121074e-02
-1.000000000000000000e+03,-1.000000000000000000e+03,-1.000000000000000000e+03
-1.845922685804410435e+01,5.975940351829234487e+01,3.041381265034278497e-02
-1.720922685804410435e+01,1.069867098419920239e+02,3.041381265034278497e-02
-1.595922685804410435e+01,1.325302807361125588e+02,3.041381265034278497e-02
-1.470922685804410435e+01,1.583949697982448015e+02,3.041381265034278497e-02
-1.265922685799753822e+01,1.810131332374817248e+02,6.020797289164121074e-02
-1.015922685799753822e+01,2.005910583633140334e+02,6.020797289164121074e-02
-7.659226857997538218e+00,2.161248381922505928e+02,6.020797289164121074e-02
-5.159226857997538218e+00,2.258428930132157859e+02,6.020797289164121074e-02
-2.659226857997538218e+00,2.312988757698574034e+02,6.020797289164121074e-02
-1.592268579975382181e-01,2.354757560057589671e+02,6.020797289164121074e-02
2.340773142002461782e+00,2.333410878267051203e+02,6.020797289164121074e-02
4.840773142002461782e+00,2.299054217259997586e+02,6.020797289164121074e-02
7.340773142002461782e+00,2.225638112544446301e+02,6.020797289164121074e-02
9.840773142002461782e+00,2.090915293943381243e+02,6.020797289164121074e-02
1.234077314200246178e+01,1.958632806681432612e+02,6.020797289164121074e-02
1.484077314200246178e+01,1.760130525294244137e+02,6.020797289164121074e-02
1.734077314200246178e+01,1.414003689351831099e+02,6.020797289164121074e-02
1.984077314200246178e+01,7.676501157913915563e+01,6.020797289164121074e-02
2.234077314200246178e+01,3.388215925540319517e+01,6.020797289164121074e-02
-1.000000000000000000e+03,-1.000000000000000000e+03,-1.000000000000000000e+03
-1.929986737896062721e+01,5.938713966300981895e+01,3.041381265034278497e-02
-1.804986737896062721e+01,1.069303223388906758e+02,3.041381265034278497e-02
-1.679986737896062721e+01,1.329511100733406579e+02,3.041381265034278497e-02
-1.554986737896062721e+01,1.573718225015476833e+02,3.041381265034278497e-02
-1.349986737891406108e+01,1.841083875720985930e+02,6.020797289164121074e-02
-1.099986737891406108e+01,2.011167489941853432e+02,6.020797289164121074e-02
-8.499867378914061078e+00,2.206947781970116580e+02,6.020797289164121074e-02
-5.999867378914061078e+00,2.304826582322644981e+02,6.020797289164121074e-02
-3.499867378914061078e+00,2.358749914812338488e+02,6.020797289164121074e-02
-9.998673789140610779e-01,2.389913191908028693e+02,6.020797289164121074e-02
1.500132621085938922e+00,2.410470304078846482e+02,6.020797289164121074e-02
4.000132621085938922e+00,2.366872202801788490e+02,6.020797289164121074e-02
6.500132621085938922e+00,2.299954191230321499e+02,6.020797289164121074e-02
9.000132621085938922e+00,2.208134832677482109e+02,6.020797289164121074e-02
1.150013262108593892e+01,2.075364436176324716e+02,6.020797289164121074e-02
1.400013262108593892e+01,1.872759316435010533e+02,6.020797289164121074e-02
1.650013262108593892e+01,1.615543591942052331e+02,6.020797289164121074e-02
1.900013262108593892e+01,1.123598681771944143e+02,6.020797289164121074e-02
2.150013262108593892e+01,2.573063685856575944e+01,6.020797289164121074e-02
-1.000000000000000000e+03,-1.000000000000000000e+03,-1.000000000000000000e+03
-1.828524294131234029e+01,5.509751144047869076e+01,3.041381265034278497e-02
-1.703524294131234029e+01,1.036072495749623101e+02,3.041381265034278497e-02
-1.578524294131234029e+01,1.285788206901921171e+02,3.041381265034278497e-02
-1.453524294131234029e+01,1.536132657022029946e+02,3.041381265034278497e-02
-1.248524294126577416e+01,1.776380530980105732e+02,6.020797289164121074e-02
-9.985242941265774164e+00,1.973179291324636324e+02,6.020797289164121074e-02
-7.485242941265774164e+00,2.114957538720362891e+02,6.020797289164121074e-02
-4.985242941265774164e+00,2.212645876965397633e+02,6.020797289164121074e-02
-2.485242941265774164e+00,2.293391103989097530e+02,6.020797289164121074e-02
1.475705873422583636e-02,2.298982906884161252e+02,6.020797289164121074e-02
2.514757058734225836e+00,2.292933075937501428e+02,6.020797289164121074e-02
5.014757058734225836e+00,2.240258336905822034e+02,6.020797289164121074e-02
7.514757058734225836e+00,2.168601469635723049e+02,6.020797289164121074e-02
1.001475705873422584e+01,2.023471082491095672e+02,6.020797289164121074e-02
1.251475705873422584e+01,1.882658406731382001e+02,6.020797289164121074e-02
1.501475705873422584e+01,1.632874414226536146e+02,6.020797289164121074e-02
1.751475705873422584e+01,1.262106805991765697e+02,6.020797289164121074e-02
2.001475705873422584e+01,4.888390271871715242e+01,6.020797289164121074e-02
2.251475705873422584e+01,4.321964209031816750e+01,6.020797289164121074e-02
-1.000000000000000000e+03,-1.000000000000000000e+03,-1.000000000000000000e+03
-1.711702452624909654e+01,5.638588768342329161e+01,3.041381265034278497e-02
-1.586702452624909654e+01,9.954796582708137009e+01,3.041381265034278497e-02
-1.461702452624909654e+01,1.262777738856925680e+02,3.041381265034278497e-02
-1.336702452624909654e+01,1.473959336766531010e+02,3.041381265034278497e-02
-1.131702452620253041e+01,1.716114685801020698e+02,6.020797289164121074e-02
-8.817024526202530410e+00,1.875033295474968043e+02,6.020797289164121074e-02
-6.317024526202530410e+00,2.005959884529906390e+02,6.020797289164121074e-02
-3.817024526202530410e+00,2.064604468133902628e+02,6.020797289164121074e-02
-1.317024526202530410e+00,2.123258371569443170e+02,6.020797289164121074e-02
1.182975473797469590e+00,2.095578759102481285e+02,6.020797289164121074e-02
3.682975473797469590e+00,2.083733885759048121e+02,6.020797289164121074e-02
6.182975473797469590e+00,2.028323092407789261e+02,6.020797289164121074e-02
8.682975473797469590e+00,1.926355818931895101e+02,6.020797289164121074e-02
1.118297547379746959e+01,1.757514097518389349e+02,6.020797289164121074e-02
1.368297547379746959e+01,1.531005485073613102e+02,6.020797289164121074e-02
1.618297547379746959e+01,1.118043651457450665e+02,6.020797289164121074e-02
-1.000000000000000000e+03,-1.000000000000000000e+03,-1.000000000000000000e+03
-1.833048878170556861e+01,5.930120740851558025e+01,3.041381265034278497e-02
-1.708048878170556861e+01,1.065637216845791926e+02,3.041381265034278497e-02
-1.583048878170556861e+01,1.268897065562007782e+02,3.041381265034278497e-02
-1.458048878170556861e+01,1.540743357434158440e+02,3.041381265034278497e-02
-1.253048878165900248e+01,1.771297661652848205e+02,6.020797289164121074e-02
-1.003048878165900248e+01,1.977299511529957385e+02,6.020797289164121074e-02
-7.530488781659002484e+00,2.121767773200466820e+02,6.020797289164121074e-02
-5.030488781659002484e+00,2.220970720729432060e+02,6.020797289164121074e-02
-2.530488781659002484e+00,2.274660959011762031e+02,6.020797289164121074e-02
-3.048878165900248405e-02,2.290220742331673023e+02,6.020797289164121074e-02
2.469511218340997516e+00,2.277073931600182277e+02,6.020797289164121074e-02
4.969511218340997516e+00,2.237647376553707090e+02,6.020797289164121074e-02
7.469511218340997516e+00,2.123035628353020456e+02,6.020797289164121074e-02
9.969511218340997516e+00,2.036950156442192110e+02,6.020797289164121074e-02
1.246951121834099752e+01,1.873847159365159314e+02,6.020797289164121074e-02
1.496951121834099752e+01,1.655211199061839125e+02,6.020797289164121074e-02
1.746951121834099752e+01,1.248075299109034972e+02,6.020797289164121074e-02
1.996951121834099752e+01,3.713996461220720846e+01,6.020797289164121074e-02
2.246951121834099752e+01,4.238250872355736476e+01,6.020797289164121074e-02
-1.000000000000000000e+03,-1.000000000000000000e+03,-1.000000000000000000e+03
-1.718002928095173587e+01,5.600936370738826042e+01,3.041381265034278497e-02
-1.593002928095173587e+01,1.005987686008246840e+02,3.041381265034278497e-02
-1.468002928095173587e+01,1.247078932461875809e+02,3.041381265034278497e-02
-1.343002928095173587e+01,1.495602886347673746e+02,3.041381265034278497e-02
-1.138002928090516974e+01,1.747750324934004595e+02,6.020797289164121074e-02
-8.880029280905169742e+00,1.925266768864781568e+02,6.020797289164121074e-02
-6.380029280905169742e+00,2.022242742946394003e+02,6.020797289164121074e-02
-3.880029280905169742e+00,2.116588814690726963e+02,6.020797289164121074e-02
-1.380029280905169742e+00,2.153747116274400923e+02,6.020797289164121074e-02
1.119970719094830258e+00,2.195222685936938092e+02,6.020797289164121074e-02
3.619970719094830258e+00,2.130168656865491528e+02,6.020797289164121074e-02
6.119970719094830258e+00,2.071743625187617681e+02,6.020797289164121074e-02
8.619970719094830258e+00,1.988984864405528299e+02,6.020797289164121074e-02
1.111997071909483026e+01,1.851107539903604788e+02,6.020797289164121074e-02
1.361997071909483026e+01,1.667374151692216628e+02,6.020797289164121074e-02
1.611997071909483026e+01,1.397439758045350686e+02,6.020797289164121074e-02
1.861997071909483026e+01,8.056588885108476461e+01,6.020797289164121074e-02
-1.000000000000000000e+03,-1.000000000000000000e+03,-1.000000000000000000e+03
-1.912527481402280927e+01,6.082678853394332208e+01,3.041381265034278497e-02
-1.787527481402280927e+01,1.067033216541341858e+02,3.041381265034278497e-02
-1.662527481402280927e+01,1.331477533675617053e+02,3.041381265034278497e-02
-1.537527481402280927e+01,1.617266741049467669e+02,3.041381265034278497e-02
-1.332527481397624314e+01,1.818794787893370426e+02,6.020797289164121074e-02
-1.082527481397624314e+01,2.023560671509920041e+02,6.020797289164121074e-02
-8.325274813976243138e+00,2.165473012593051862e+02,6.020797289164121074e-02
-5.825274813976243138e+00,2.262925208584154575e+02,6.020797289164121074e-02
-3.325274813976243138e+00,2.332916414271747954e+02,6.020797289164121074e-02
-8.252748139762431379e-01,2.352119327225105110e+02,6.020797289164121074e-02
1.674725186023756862e+00,2.347916692261579215e+02,6.020797289164121074e-02
4.174725186023756862e+00,2.311857801699321726e+02,6.020797289164121074e-02
6.674725186023756862e+00,2.238291177379742578e+02,6.020797289164121074e-02
9.174725186023756862e+00,2.140680780440569606e+02,6.020797289164121074e-02
1.167472518602375686e+01,2.000518767139253953e+02,6.020797289164121074e-02
1.417472518602375686e+01,1.816384322918230509e+02,6.020797289164121074e-02
1.667472518602375686e+01,1.534075259610873729e+02,6.020797289164121074e-02
1.917472518602375686e+01,1.008046167266648752e+02,6.020797289164121074e-02
2.167472518602375686e+01,3.942243322658885063e+01,6.020797289164121074e-02
-1.000000000000000000e+03,-1.000000000000000000e+03,-1.000000000000000000e+03
-2.267332294515674818e+01,6.735097478639018220e+01,3.041381265034278497e-02
-2.142332294515674818e+01,1.269281442679278911e+02,3.041381265034278497e-02
-2.017332294515674818e+01,1.468008073175608388e+02,3.041381265034278497e-02
-1.892332294515674818e+01,1.736323933404674449e+02,3.041381265034278497e-02
-1.687332294511018205e+01,2.042057544967817080e+02,6.020797289164121074e-02
-1.437332294511018205e+01,2.240498152888895618e+02,6.020797289164121074e-02
-1.187332294511018205e+01,2.428689395868658778e+02,6.020797289164121074e-02
-9.373322945110182047e+00,2.557504386936387846e+02,6.020797289164121074e-02
-6.873322945110182047e+00,2.655662276820876286e+02,6.020797289164121074e-02
-4.373322945110182047e+00,2.689507044833360396e+02,6.020797289164121074e-02
-1.873322945110182047e+00,2.732821812922737195e+02,6.020797289164121074e-02
6.266770548898179527e-01,2.754361718179062564e+02,6.020797289164121074e-02
3.126677054889817953e+00,2.736157890008740878e+02,6.020797289164121074e-02
5.626677054889817953e+00,2.679419355205156990e+02,6.020797289164121074e-02
8.126677054889817953e+00,2.626775503742895239e+02,6.020797289164121074e-02
1.062667705488981795e+01,2.507861116919440860e+02,6.020797289164121074e-02
1.312667705488981795e+01,2.370911583430940652e+02,6.020797289164121074e-02
1.562667705488981795e+01,2.196020299836038703e+02,6.020797289164121074e-02
1.812667705488981795e+01,1.915474792727149520e+02,6.020797289164121074e-02
2.062667705488981795e+01,1.577993772816511751e+02,6.020797289164121074e-02
2.312667705488981795e+01,8.231136327947068310e+01,6.020797289164121074e-02
2.562667705488981795e+01,5.027989673327272158e+01,6.020797289164121074e-02
-1.000000000000000000e+03,-1.000000000000000000e+03,-1.000000000000000000e+03
-1.840920076778224512e+01,5.763673856632435388e+01,3.041381265034278497e-02
-1.715920076778224512e+01,1.134407955416371294e+02,3.041381265034278497e-02
-1.590920076778224512e+01,1.442142185038798914e+02,3.041381265034278497e-02
-1.260920076773567899e+01,1.772344359874921622e+02,6.020797289164121074e-02
-1.010920076773567899e+01,2.003948192130135340e+02,6.020797289164121074e-02
-7.609200767735678994e+00,2.127087051866344609e+02,6.020797289164121074e-02
-5.109200767735678994e+00,2.211058413520407555e+02,6.020797289164121074e-02
-2.609200767735678994e+00,2.285408679994798149e+02,6.020797289164121074e-02
-1.092007677356789941e-01,2.329335645381544282e+02,6.020797289164121074e-02
2.390799232264321006e+00,2.324993204881236011e+02,6.020797289164121074e-02
4.890799232264321006e+00,2.265441099518848205e+02,6.020797289164121074e-02
7.390799232264321006e+00,2.165638875365168587e+02,6.020797289164121074e-02
9.890799232264321006e+00,2.061515727722460269e+02,6.020797289164121074e-02
1.239079923226432101e+01,1.952147978971951829e+02,6.020797289164121074e-02
1.489079923226432101e+01,1.741745993887060422e+02,6.020797289164121074e-02
1.739079923226432101e+01,1.393191030429009629e+02,6.020797289164121074e-02
1.989079923226432101e+01,7.344756024042948184e+01,6.020797289164121074e-02
-1.000000000000000000e+03,-1.000000000000000000e+03,-1.000000000000000000e+03
-1.374669940086712216e+01,4.594730071619076739e+01,3.041381265034278497e-02
-1.249669940086712216e+01,8.448436132026908751e+01,3.041381265034278497e-02
-1.124669940086712216e+01,1.141179101394029516e+02,3.041381265034278497e-02
-7.946699400820556036e+00,1.457098176821544939e+02,6.020797289164121074e-02
-5.446699400820556036e+00,1.581456582790494281e+02,6.020797289164121074e-02
-2.946699400820556036e+00,1.676803617526973369e+02,6.020797289164121074e-02
-4.466994008205560363e-01,1.685671078834175489e+02,6.020797289164121074e-02
2.053300599179443964e+00,1.679993960211999706e+02,6.020797289164121074e-02
4.553300599179443964e+00,1.628498539898149602e+02,6.020797289164121074e-02
7.053300599179443964e+00,1.519556490210480888e+02,6.020797289164121074e-02
9.553300599179443964e+00,1.357418735792129496e+02,6.020797289164121074e-02
1.205330059917944396e+01,1.025147655460792464e+02,6.020797289164121074e-02
1.455330059917944396e+01,2.509962802301748042e+01,6.020797289164121074e-02
-1.000000000000000000e+03,-1.000000000000000000e+03,-1.000000000000000000e+03
-2.259864396327180458e+01,6.455627367401098127e+01,3.041381265034278497e-02
-2.134864396327180458e+01,1.238708453100667271e+02,3.041381265034278497e-02
-2.009864396327180458e+01,1.494303650680898272e+02,3.041381265034278497e-02
-1.884864396327180458e+01,1.874239226001088809e+02,3.041381265034278497e-02
-1.679864396322523845e+01,2.029484480533036788e+02,6.020797289164121074e-02
-1.429864396322523845e+01,2.293840158205142643e+02,6.020797289164121074e-02
-1.179864396322523845e+01,2.448524600255553310e+02,6.020797289164121074e-02
-9.298643963225238451e+00,2.595317416292126040e+02,6.020797289164121074e-02
-6.798643963225238451e+00,2.678421828600345407e+02,6.020797289164121074e-02
-4.298643963225238451e+00,2.732303645188735572e+02,6.020797289164121074e-02
-1.798643963225238451e+00,2.812334812724145081e+02,6.020797289164121074e-02
7.013560367747615487e-01,2.789151965208251340e+02,6.020797289164121074e-02
3.201356036774761549e+00,2.794775114232758142e+02,6.020797289164121074e-02
5.701356036774761549e+00,2.734129407608093061e+02,6.020797289164121074e-02
8.201356036774761549e+00,2.673849634315936328e+02,6.020797289164121074e-02
1.070135603677476155e+01,2.581869198817829556e+02,6.020797289164121074e-02
1.320135603677476155e+01,2.444254795655035082e+02,6.020797289164121074e-02
1.570135603677476155e+01,2.288011056431360828e+02,6.020797289164121074e-02
1.820135603677476155e+01,2.053209191914425276e+02,6.020797289164121074e-02
2.070135603677476155e+01,1.723271338749206620e+02,6.020797289164121074e-02
2.320135603677476155e+01,1.175011768320943304e+02,6.020797289164121074e-02
-1.000000000000000000e+03,-1.000000000000000000e+03,-1.000000000000000000e+03
-1.554346135916298977e+01,5.392785981135389761e+01,3.041381265034278497e-02
-1.429346135916298977e+01,9.392164055666830791e+01,3.041381265034278497e-02
-1.304346135916298977e+01,1.215096799121992888e+02,3.041381265034278497e-02
-1.179346135916298977e+01,1.388515143358502542e+02,3.041381265034278497e-02
-9.743461359116423637e+00,1.600383048196449920e+02,6.020797289164121074e-02
-7.243461359116423637e+00,1.781661933114159808e+02,6.020797289164121074e-02
-4.743461359116423637e+00,1.883233090573739617e+02,6.020797289164121074e-02
-2.243461359116423637e+00,1.942154807432459052e+02,6.020797289164121074e-02
2.565386408835763632e-01,1.958278139165545895e+02,6.020797289164121074e-02
2.756538640883576363e+00,1.947695289734442667e+02,6.020797289164121074e-02
5.256538640883576363e+00,1.869411855271308696e+02,6.020797289164121074e-02
7.756538640883576363e+00,1.767520787444505288e+02,6.020797289164121074e-02
1.025653864088357636e+01,1.616420801705866381e+02,6.020797289164121074e-02
1.275653864088357636e+01,1.392664633954589704e+02,6.020797289164121074e-02
1.525653864088357636e+01,9.696919615942098858e+01,6.020797289164121074e-02
1.775653864088357636e+01,1.800630375756811219e+01,6.020797289164121074e-02
-1.000000000000000000e+03,-1.000000000000000000e+03,-1.000000000000000000e+03
-1.973376987461922027e+01,5.746351195077627949e+01,3.041381265034278497e-02
-1.848376987461922027e+01,1.079082698989055018e+02,3.041381265034278497e-02
-1.723376987461922027e+01,1.359094782284342386e+02,3.041381265034278497e-02
-1.598376987461922027e+01,1.616811192470117078e+02,3.041381265034278497e-02
-1.393376987457265415e+01,1.883910717844015323e+02,6.020797289164121074e-02
-1.143376987457265415e+01,2.083400742398333136e+02,6.020797289164121074e-02
-8.933769874572654146e+00,2.239190784616475298e+02,6.020797289164121074e-02
-6.433769874572654146e+00,2.344781102056001032e+02,6.020797289164121074e-02
-3.933769874572654146e+00,2.417055019069068180e+02,6.020797289164121074e-02
-1.433769874572654146e+00,2.452408728075972135e+02,6.020797289164121074e-02
1.066230125427345854e+00,2.462924659334188959e+02,6.020797289164121074e-02
3.566230125427345854e+00,2.421401078591686655e+02,6.020797289164121074e-02
6.066230125427345854e+00,2.369686635319703214e+02,6.020797289164121074e-02
8.566230125427345854e+00,2.286273547619048827e+02,6.020797289164121074e-02
1.106623012542734585e+01,2.166170000378535292e+02,6.020797289164121074e-02
1.356623012542734585e+01,1.995846808685568021e+02,6.020797289164121074e-02
1.606623012542734585e+01,1.755692855980760783e+02,6.020797289164121074e-02
1.856623012542734585e+01,1.408053731574905214e+02,6.020797289164121074e-02
2.106623012542734585e+01,6.227452602292784434e+01,6.020797289164121074e-02
2.356623012542734585e+01,4.661097832365695126e+01,6.020797289164121074e-02
-1.000000000000000000e+03,-1.000000000000000000e+03,-1.000000000000000000e+03
-2.271702267260279484e+01,7.061041275864531030e+01,3.041381265034278497e-02
-2.146702267260279484e+01,1.235810377123369221e+02,3.041381265034278497e-02
-2.021702267260279484e+01,1.466964410730801660e+02,3.041381265034278497e-02
-1.896702267260279484e+01,1.782523379086592286e+02,3.041381265034278497e-02
-1.691702267255622871e+01,2.011840274719013451e+02,6.020797289164121074e-02
-1.441702267255622871e+01,2.268742889693846223e+02,6.020797289164121074e-02
-1.191702267255622871e+01,2.473166621433741170e+02,6.020797289164121074e-02
-9.417022672556228713e+00,2.596857221310690420e+02,6.020797289164121074e-02
-6.917022672556228713e+00,2.707826431241800265e+02,6.020797289164121074e-02
-4.417022672556228713e+00,2.759261263146296415e+02,6.020797289164121074e-02
-1.917022672556228713e+00,2.819327550099106929e+02,6.020797289164121074e-02
5.829773274437712871e-01,2.831062535689663946e+02,6.020797289164121074e-02
3.082977327443771287e+00,2.806391751697636892e+02,6.020797289164121074e-02
5.582977327443771287e+00,2.763573521171196035e+02,6.020797289164121074e-02
8.082977327443771287e+00,2.710027699129523739e+02,6.020797289164121074e-02
1.058297732744377129e+01,2.573933761413347838e+02,6.020797289164121074e-02
1.308297732744377129e+01,2.478805371054739055e+02,6.020797289164121074e-02
1.558297732744377129e+01,2.291458768565225910e+02,6.020797289164121074e-02
1.808297732744377129e+01,2.071750566363066923e+02,6.020797289164121074e-02
2.058297732744377129e+01,1.767527063840783796e+02,6.020797289164121074e-02
2.308297732744377129e+01,1.281840312128732648e+02,6.020797289164121074e-02
2.558297732744377129e+01,3.158767727995238062e+01,6.020797289164121074e-02
-1.000000000000000000e+03,-1.000000000000000000e+03,-1.000000000000000000e+03
